DIA,Usos_bicis_abono_anual_,Usos_bicis_abono_ocasional_,Usos_bicis_total
1/1/18,3454,315,3769
2/1/18,6414,235,6649
3/1/18,7690,200,7890
4/1/18,8282,183,8465
5/1/18,5872,75,5947
6/1/18,1379,14,1393
7/1/18,2414,7,2421
8/1/18,7802,41,7843
9/1/18,5915,9,5924
10/1/18,7045,11,7056
11/1/18,8765,39,8804
12/1/18,9262,41,9303
13/1/18,4311,31,4342
14/1/18,5375,82,5457
15/1/18,8130,49,8179
16/1/18,9315,61,9376
17/1/18,9698,42,9740
18/1/18,10004,101,10105
19/1/18,10226,117,10343
20/1/18,7471,245,7716
21/1/18,7460,242,7702
22/1/18,9511,63,9574
23/1/18,10212,88,10300
24/1/18,10689,46,10735
25/1/18,6790,17,6807
26/1/18,9192,67,9259
27/1/18,6681,175,6856
28/1/18,6069,195,6264
29/1/18,9164,76,9240
30/1/18,9785,65,9850
31/1/18,10190,89,10279
1/2/18,9070,62,9132
2/2/18,8789,47,8836
3/2/18,6586,177,6763
4/2/18,2152,23,2175
5/2/18,2895,7,2902
6/2/18,7745,40,7785
7/2/18,8023,30,8053
8/2/18,8278,49,8327
9/2/18,8485,70,8555
10/2/18,6220,216,6436
11/2/18,6115,217,6332
12/2/18,8168,83,8251
13/2/18,8476,62,8538
14/2/18,9320,70,9390
15/2/18,9205,123,9328
16/2/18,9515,162,9677
17/2/18,7232,284,7516
18/2/18,6686,339,7025
19/2/18,9048,66,9114
20/2/18,9924,79,10003
21/2/18,9326,92,9418
22/2/18,9370,50,9420
23/2/18,9452,115,9567
24/2/18,6940,273,7213
25/2/18,6608,294,6902
26/2/18,9235,87,9322
27/2/18,4627,13,4640
28/2/18,3615,13,3628
1/3/18,3254,5,3259
2/3/18,3615,8,3623
3/3/18,4580,106,4686
4/3/18,5280,134,5414
5/3/18,6159,42,6201
6/3/18,7641,47,7688
7/3/18,9573,70,9643
8/3/18,9520,63,9583
9/3/18,4818,12,4830
10/3/18,3858,76,3934
11/3/18,4509,60,4569
12/3/18,8478,92,8570
13/3/18,9267,75,9342
14/3/18,3219,27,3246
15/3/18,8998,77,9075
16/3/18,7844,139,7983
17/3/18,5016,162,5178
18/3/18,6187,235,6422
19/3/18,5829,35,5864
20/3/18,8030,48,8078
21/3/18,8763,50,8813
22/3/18,9451,79,9530
23/3/18,7071,54,7125
24/3/18,4894,131,5025
25/3/18,5075,204,5279
26/3/18,7357,181,7538
27/3/18,7985,202,8187
28/3/18,7263,214,7477
29/3/18,4036,220,4256
30/3/18,2976,268,3244
31/3/18,3664,285,3949
1/4/18,4772,510,5282
2/4/18,8853,301,9154
3/4/18,9293,98,9391
4/4/18,9794,96,9890
5/4/18,10976,138,11114
6/4/18,8253,156,8409
7/4/18,5237,81,5318
8/4/18,7248,294,7542
9/4/18,6908,28,6936
10/4/18,3063,6,3069
11/4/18,8612,67,8679
12/4/18,7075,53,7128
13/4/18,8595,80,8675
14/4/18,7668,330,7998
15/4/18,7296,300,7596
16/4/18,9844,116,9960
17/4/18,11402,168,11570
18/4/18,12504,191,12695
19/4/18,12561,139,12700
20/4/18,12150,177,12327
21/4/18,8705,419,9124
22/4/18,9094,336,9430
23/4/18,11377,221,11598
24/4/18,12846,183,13029
25/4/18,13592,160,13752
26/4/18,13392,171,13563
27/4/18,12330,291,12621
28/4/18,6987,453,7440
29/4/18,3707,150,3857
30/4/18,5555,199,5754
1/5/18,5669,418,6087
2/5/18,6903,236,7139
3/5/18,10814,211,11025
4/5/18,11629,223,11852
5/5/18,9114,463,9577
6/5/18,8495,478,8973
7/5/18,10334,234,10568
8/5/18,11623,268,11891
9/5/18,13001,234,13235
10/5/18,13412,335,13747
11/5/18,12759,350,13109
12/5/18,8385,438,8823
13/5/18,7476,469,7945
14/5/18,10559,204,10763
15/5/18,9242,298,9540
16/5/18,12792,194,12986
17/5/18,13369,196,13565
18/5/18,11814,190,12004
19/5/18,9498,491,9989
20/5/18,8873,508,9381
21/5/18,11606,292,11898
22/5/18,12127,163,12290
23/5/18,12693,136,12829
24/5/18,13149,184,13333
25/5/18,7978,94,8072
26/5/18,9442,417,9859
27/5/18,9893,390,10283
28/5/18,6334,96,6430
29/5/18,9451,96,9547
30/5/18,11388,123,11511
31/5/18,13144,174,13318
1/6/18,13170,213,13383
2/6/18,7235,401,7636
3/6/18,9155,392,9547
4/6/18,12074,201,12275
5/6/18,12523,110,12633
6/6/18,11129,71,11200
7/6/18,13616,202,13818
8/6/18,7925,86,8011
9/6/18,8789,394,9183
10/6/18,7918,330,8248
11/6/18,11570,175,11745
12/6/18,12879,162,13041
13/6/18,13547,188,13735
14/6/18,13361,172,13533
15/6/18,13163,204,13367
16/6/18,9464,331,9795
17/6/18,8600,367,8967
18/6/18,12578,192,12770
19/6/18,13815,145,13960
20/6/18,14346,164,14510
21/6/18,14469,173,14642
22/6/18,13591,227,13818
23/6/18,9211,429,9640
24/6/18,8522,323,8845
25/6/18,13283,216,13499
26/6/18,13807,173,13980
27/6/18,14537,204,14741
28/6/18,14561,206,14767
29/6/18,13491,257,13748
30/6/18,9171,298,9469
1/7/18,8537,297,8834
2/7/18,12802,150,12952
3/7/18,13935,141,14076
4/7/18,13865,162,14027
5/7/18,13755,154,13909
6/7/18,12452,189,12641
7/7/18,8316,303,8619
8/7/18,7676,348,8024
9/7/18,12415,257,12672
10/7/18,13472,188,13660
11/7/18,13514,195,13709
12/7/18,13578,193,13771
13/7/18,12271,265,12536
14/7/18,8015,364,8379
15/7/18,7664,366,8030
16/7/18,11787,176,11963
17/7/18,12966,214,13180
18/7/18,13516,224,13740
19/7/18,13442,184,13626
20/7/18,12069,192,12261
21/7/18,7807,338,8145
22/7/18,7009,440,7449
23/7/18,11607,238,11845
24/7/18,12377,197,12574
25/7/18,12501,173,12674
26/7/18,12465,190,12655
27/7/18,11318,248,11566
28/7/18,7855,371,8226
29/7/18,7627,379,8006
30/7/18,11655,217,11872
31/7/18,12410,287,12697
1/8/18,12219,272,12491
2/8/18,11526,202,11728
3/8/18,10073,131,10204
4/8/18,6486,277,6763
5/8/18,6272,322,6594
6/8/18,9058,208,9266
7/8/18,10023,133,10156
8/8/18,10016,242,10258
9/8/18,10077,245,10322
10/8/18,8756,252,9008
11/8/18,6099,380,6479
12/8/18,5868,398,6266
13/8/18,8281,281,8562
14/8/18,8895,268,9163
15/8/18,6763,308,7071
16/8/18,8754,230,8984
17/8/18,7983,194,8177
18/8/18,5854,263,6117
19/8/18,5885,430,6315
20/8/18,9293,237,9530
21/8/18,9915,213,10128
22/8/18,10570,151,10721
23/8/18,10814,178,10992
24/8/18,10008,231,10239
25/8/18,7163,351,7514
26/8/18,6969,375,7344
27/8/18,11099,253,11352
28/8/18,12003,278,12281
29/8/18,12579,255,12834
30/8/18,12835,245,13080
31/8/18,12490,164,12654
1/9/18,9428,286,9714
2/9/18,8969,357,9326
3/9/18,13418,181,13599
4/9/18,14743,183,14926
5/9/18,14995,151,15146
6/9/18,15332,147,15479
7/9/18,13467,175,13642
8/9/18,8424,194,8618
9/9/18,9783,520,10303
10/9/18,14448,218,14666
11/9/18,15522,160,15682
12/9/18,16127,149,16276
13/9/18,16189,196,16385
14/9/18,15739,257,15996
15/9/18,11122,403,11525
16/9/18,10693,449,11142
17/9/18,14317,208,14525
18/9/18,15150,120,15270
19/9/18,16314,140,16454
20/9/18,16530,203,16733
21/9/18,15601,205,15806
22/9/18,11423,399,11822
23/9/18,11100,441,11541
24/9/18,14572,201,14773
25/9/18,15672,161,15833
26/9/18,15131,145,15276
27/9/18,16025,167,16192
28/9/18,15532,192,15724
29/9/18,11742,401,12143
30/9/18,10948,415,11363
1/10/18,14117,284,14401
2/10/18,14889,135,15024
3/10/18,15777,143,15920
4/10/18,15601,148,15749
5/10/18,15107,192,15299
6/10/18,11792,368,12160
7/10/18,9864,348,10212
8/10/18,13327,119,13446
9/10/18,11609,85,11694
10/10/18,12457,47,12504
11/10/18,11747,57,11804
12/10/18,7850,191,8041
13/10/18,8993,393,9386
14/10/18,6887,199,7086
15/10/18,10699,63,10762
16/10/18,13630,80,13710
17/10/18,14430,98,14528
18/10/18,12791,102,12893
19/10/18,7216,68,7284
20/10/18,8357,248,8605
21/10/18,8955,242,9197
22/10/18,13226,127,13353
23/10/18,14082,136,14218
24/10/18,14240,102,14342
25/10/18,14619,150,14769
26/10/18,11387,126,11513
27/10/18,6619,81,6700
28/10/18,6796,161,6957
29/10/18,10217,64,10281
30/10/18,5125,8,5133
31/10/18,10451,40,10491
1/11/18,7812,225,8037
2/11/18,9847,253,10100
3/11/18,8019,252,8271
4/11/18,7271,247,7518
5/11/18,6402,33,6435
6/11/18,10699,79,10778
7/11/18,7897,27,7924
8/11/18,8733,24,8757
9/11/18,6992,109,7101
10/11/18,6285,109,6394
11/11/18,6781,189,6970
12/11/18,9717,20,9737
13/11/18,12300,82,12382
14/11/18,12163,71,12234
15/11/18,11935,48,11983
16/11/18,11106,97,11203
17/11/18,9448,311,9759
18/11/18,5322,103,5425
19/11/18,9876,68,9944
20/11/18,9105,27,9132
21/11/18,10042,29,10071
22/11/18,11237,20,11257
23/11/18,10834,79,10913
24/11/18,7634,168,7802
25/11/18,6042,131,6173
26/11/18,9877,61,9938
27/11/18,10955,41,10996
28/11/18,10988,31,11019
29/11/18,10565,40,10605
30/11/18,10880,59,10939
1/12/18,8488,184,8672
2/12/18,6940,107,7047
3/12/18,9441,41,9482
4/12/18,11224,44,11268
5/12/18,11523,46,11569
6/12/18,7409,120,7529
7/12/18,8305,139,8444
8/12/18,6798,305,7103
9/12/18,7009,251,7260
10/12/18,10267,90,10357
11/12/18,11084,86,11170
12/12/18,11089,83,11172
13/12/18,7909,19,7928
14/12/18,10968,56,11024
15/12/18,8427,102,8529
16/12/18,6816,85,6901
17/12/18,10159,62,10221
18/12/18,10126,56,10182
19/12/18,10440,82,10522
20/12/18,11022,47,11069
21/12/18,10063,69,10132
22/12/18,6521,63,6584
23/12/18,5046,132,5178
24/12/18,4364,96,4460
25/12/18,2873,152,3025
26/12/18,6497,124,6621
27/12/18,7282,151,7433
28/12/18,7387,256,7643
29/12/18,5584,250,5834
30/12/18,5114,301,5415
31/12/18,4718,283,5001
1/1/19,3516,345,3861
2/1/19,6395,166,6561
3/1/19,7480,146,7626
4/1/19,7787,157,7944
5/1/19,6256,109,6365
6/1/19,4747,114,4861
7/1/19,5493,101,5594
8/1/19,9411,54,9465
9/1/19,10072,42,10114
10/1/19,9764,41,9805
11/1/19,9413,51,9464
12/1/19,7008,134,7142
13/1/19,6174,131,6305
14/1/19,9368,44,9412
15/1/19,10130,44,10174
16/1/19,10211,40,10251
17/1/19,9690,20,9710
18/1/19,9313,51,9364
19/1/19,4462,37,4499
20/1/19,5421,95,5516
21/1/19,9200,40,9240
22/1/19,8463,33,8496
23/1/19,9716,46,9762
24/1/19,11077,53,11130
25/1/19,11473,86,11559
26/1/19,8395,204,8599
27/1/19,7235,200,7435
28/1/19,10032,64,10096
29/1/19,10187,41,10228
30/1/19,9085,25,9110
31/1/19,9622,41,9663
1/2/19,8478,63,8541
2/2/19,6967,141,7108
3/2/19,6718,205,6923
4/2/19,9621,53,9674
5/2/19,10834,70,10904
6/2/19,10987,69,11056
7/2/19,11180,122,11302
8/2/19,11044,108,11152
9/2/19,7766,219,7985
10/2/19,6383,174,6557
11/2/19,10205,124,10329
12/2/19,11037,74,11111
13/2/19,11401,63,11464
14/2/19,11540,70,11610
15/2/19,11201,172,11373
16/2/19,8272,321,8593
17/2/19,7433,260,7693
18/2/19,10275,98,10373
19/2/19,11389,94,11483
20/2/19,11375,125,11500
21/2/19,11759,113,11872
22/2/19,11708,131,11839
23/2/19,8183,305,8488
24/2/19,7677,306,7983
25/2/19,10859,133,10992
26/2/19,12013,93,12106
27/2/19,12144,92,12236
28/2/19,12247,174,12421
1/3/19,11960,160,12120
2/3/19,8729,343,9072
3/3/19,7441,382,7823
4/3/19,10185,168,10353
5/3/19,11558,140,11698
6/3/19,8264,33,8297
7/3/19,11273,41,11314
8/3/19,12050,93,12143
9/3/19,8538,272,8810
10/3/19,8361,331,8692
11/3/19,11603,139,11742
12/3/19,12468,82,12550
13/3/19,12115,68,12183
14/3/19,12469,36,12505
15/3/19,12642,127,12769
16/3/19,9305,303,9608
17/3/19,8264,317,8581
18/3/19,10701,91,10792
19/3/19,11491,64,11555
20/3/19,12079,43,12122
21/3/19,12284,102,12386
22/3/19,12361,124,12485
23/3/19,8807,348,9155
24/3/19,8421,289,8710
25/3/19,11643,101,11744
26/3/19,12383,62,12445
27/3/19,12579,48,12627
28/3/19,12736,66,12802
29/3/19,12202,136,12338
30/3/19,8832,303,9135
31/3/19,6038,109,6147
1/4/19,10889,77,10966
2/4/19,11884,78,11962
3/4/19,12067,73,12140
4/4/19,12149,64,12213
5/4/19,7394,45,7439
6/4/19,6157,81,6238
7/4/19,5658,133,5791
8/4/19,8671,67,8738
9/4/19,9828,42,9870
10/4/19,11477,60,11537
11/4/19,11988,39,12027
12/4/19,11997,90,12087
13/4/19,8517,253,8770
14/4/19,7717,334,8051
15/4/19,9422,215,9637
16/4/19,9803,205,10008
17/4/19,8110,197,8307
18/4/19,1881,20,1901
19/4/19,2125,47,2172
20/4/19,4300,266,4566
21/4/19,4679,151,4830
22/4/19,9985,127,10112
23/4/19,8378,41,8419
24/4/19,3130,4,3134
25/4/19,10511,58,10569
26/4/19,12236,140,12376
27/4/19,10038,357,10395
28/4/19,9501,478,9979
29/4/19,12410,176,12586
30/4/19,12961,160,13121
1/5/19,7816,266,8082
2/5/19,7566,366,7932
3/5/19,8918,303,9221
4/5/19,7592,484,8076
5/5/19,7589,420,8009
6/5/19,12144,191,12335
7/5/19,13414,112,13526
8/5/19,12463,100,12563
9/5/19,13559,132,13691
10/5/19,13633,207,13840
11/5/19,10727,379,11106
12/5/19,9785,376,10161
13/5/19,13329,151,13480
14/5/19,14817,97,14914
15/5/19,11475,238,11713
16/5/19,13822,135,13957
17/5/19,12104,103,12207
18/5/19,9054,265,9319
19/5/19,8984,240,9224
20/5/19,12648,133,12781
21/5/19,13876,104,13980
22/5/19,14444,128,14572
23/5/19,14623,134,14757
24/5/19,14628,189,14817
25/5/19,10151,391,10542
26/5/19,9984,319,10303
27/5/19,13497,156,13653
28/5/19,14175,100,14275
29/5/19,14349,114,14463
30/5/19,14866,142,15008
31/5/19,14237,244,14481
1/6/19,10287,304,10591
2/6/19,9707,311,10018
3/6/19,13647,125,13772
4/6/19,14813,119,14932
5/6/19,14230,102,14332
6/6/19,14659,122,14781
7/6/19,13697,126,13823
8/6/19,9794,359,10153
9/6/19,9286,271,9557
10/6/19,13345,162,13507
11/6/19,13696,104,13800
12/6/19,14305,203,14508
13/6/19,14681,157,14838
14/6/19,14178,132,14310
15/6/19,9586,260,9846
16/6/19,8859,277,9136
17/6/19,13437,124,13561
18/6/19,14704,140,14844
19/6/19,14795,133,14928
20/6/19,15206,84,15290
21/6/19,14380,122,14502
22/6/19,9596,220,9816
23/6/19,9154,270,9424
24/6/19,13496,135,13631
25/6/19,14698,162,14860
26/6/19,14895,124,15019
27/6/19,14801,99,14900
28/6/19,13711,120,13831
29/6/19,9293,183,9476
30/6/19,8453,179,8632
1/7/19,13339,102,13441
2/7/19,14110,120,14230
3/7/19,14288,99,14387
4/7/19,14481,149,14630
5/7/19,13325,113,13438
6/7/19,8568,145,8713
7/7/19,7882,159,8041
8/7/19,12644,139,12783
9/7/19,13842,156,13998
10/7/19,14007,135,14142
11/7/19,13793,105,13898
12/7/19,12532,106,12638
13/7/19,8058,192,8250
14/7/19,7638,181,7819
15/7/19,12117,68,12185
16/7/19,13346,99,13445
17/7/19,13831,135,13966
18/7/19,13917,114,14031
19/7/19,12398,111,12509
20/7/19,7642,204,7846
21/7/19,7049,144,7193
22/7/19,12110,137,12247
23/7/19,12242,71,12313
24/7/19,13379,95,13474
25/7/19,13265,114,13379
26/7/19,12163,115,12278
27/7/19,7782,204,7986
28/7/19,7213,195,7408
29/7/19,11815,79,11894
30/7/19,12653,111,12764
31/7/19,12465,75,12540
1/8/19,12183,123,12306
2/8/19,10746,113,10859
3/8/19,6807,183,6990
4/8/19,6350,261,6611
5/8/19,9548,187,9735
6/8/19,10501,158,10659
7/8/19,10755,195,10950
8/8/19,10448,90,10538
9/8/19,9229,135,9364
10/8/19,6066,137,6203
11/8/19,5636,186,5822
12/8/19,8413,79,8492
13/8/19,8812,84,8896
14/8/19,8543,72,8615
15/8/19,5653,143,5796
16/8/19,6499,130,6629
17/8/19,5249,99,5348
18/8/19,5223,108,5331
19/8/19,8660,83,8743
20/8/19,9296,84,9380
21/8/19,9656,133,9789
22/8/19,10009,151,10160
23/8/19,9386,174,9560
24/8/19,6694,209,6903
25/8/19,6327,192,6519
26/8/19,6417,73,6490
27/8/19,10903,120,11023
28/8/19,11862,91,11953
29/8/19,12462,123,12585
30/8/19,10261,84,10345
31/8/19,8529,233,8762
1/9/19,8646,173,8819
2/9/19,13305,86,13391
3/9/19,14696,72,14768
4/9/19,15229,115,15344
5/9/19,15238,159,15397
6/9/19,14176,144,14320
7/9/19,9778,186,9964
8/9/19,9631,229,9860
9/9/19,14218,62,14280
10/9/19,14329,55,14384
11/9/19,15716,68,15784
12/9/19,15696,88,15784
13/9/19,11415,62,11477
14/9/19,6296,61,6357
15/9/19,7602,111,7713
16/9/19,14474,138,14612
17/9/19,15318,105,15423
18/9/19,16313,98,16411
19/9/19,16599,139,16738
20/9/19,14775,111,14886
21/9/19,9034,139,9173
22/9/19,10081,223,10304
23/9/19,14454,104,14558
24/9/19,15597,139,15736
25/9/19,16045,109,16154
26/9/19,16561,157,16718
27/9/19,16736,158,16894
28/9/19,11493,331,11824
29/9/19,10889,325,11214
30/9/19,15086,161,15247
1/10/19,16414,159,16573
2/10/19,16303,110,16413
3/10/19,16988,107,17095
4/10/19,16434,197,16631
5/10/19,11905,263,12168
6/10/19,11403,346,11749
7/10/19,15080,163,15243
8/10/19,16590,107,16697
9/10/19,16803,95,16898
10/10/19,17054,92,17146
11/10/19,16651,174,16825
12/10/19,10330,330,10660
13/10/19,10399,288,10687
14/10/19,10791,76,10867
15/10/19,14335,122,14457
16/10/19,14963,81,15044
17/10/19,12624,67,12691
18/10/19,13985,69,14054
19/10/19,9535,162,9697
20/10/19,7296,94,7390
21/10/19,13179,94,13273
22/10/19,9351,47,9398
23/10/19,9504,26,9530
24/10/19,14197,103,14300
25/10/19,14558,184,14742
26/10/19,10766,267,11033
27/10/19,9611,195,9806
28/10/19,13690,101,13791
29/10/19,14629,83,14712
30/10/19,14473,89,14562
31/10/19,14167,131,14298
1/11/19,8313,259,8572
2/11/19,8203,299,8502
3/11/19,7676,153,7829
4/11/19,10816,60,10876
5/11/19,11343,49,11392
6/11/19,13590,53,13643
7/11/19,12483,62,12545
8/11/19,12799,85,12884
9/11/19,7016,124,7140
10/11/19,7631,161,7792
11/11/19,11699,68,11767
12/11/19,12291,41,12332
13/11/19,12586,59,12645
14/11/19,10621,71,10692
15/11/19,12017,32,12049
16/11/19,8483,121,8604
17/11/19,5688,77,5765
18/11/19,11264,39,11303
19/11/19,11778,31,11809
20/11/19,8186,10,8196
21/11/19,9639,21,9660
22/11/19,6469,10,6479
23/11/19,8035,102,8137
24/11/19,7469,135,7604
25/11/19,11711,68,11779
26/11/19,9535,38,9573
27/11/19,12437,58,12495
28/11/19,12336,47,12383
29/11/19,11597,38,11635
30/11/19,8064,88,8152
1/12/19,3259,20,3279
2/12/19,10630,73,10703
3/12/19,11678,40,11718
4/12/19,8406,19,8425
5/12/19,11623,37,11660
6/12/19,7037,108,7145
7/12/19,6646,181,6827
8/12/19,4527,53,4580
9/12/19,5813,64,5877
10/12/19,10547,29,10576
11/12/19,10406,12,10418
12/12/19,7730,6,7736
13/12/19,10828,6,10834
14/12/19,7969,3,7972
15/12/19,6714,1,6715
16/12/19,9849,0,9849
17/12/19,8865,0,8865
18/12/19,10070,1,10071
19/12/19,5662,0,5662
20/12/19,5624,0,5624
21/12/19,5353,0,5353
22/12/19,4891,0,4891
23/12/19,6109,0,6109
24/12/19,4068,0,4068
25/12/19,2483,0,2483
26/12/19,5904,0,5904
27/12/19,6387,0,6387
28/12/19,5058,0,5058
29/12/19,4616,0,4616
30/12/19,5772,0,5772
31/12/19,5270,0,5270
1/1/20,3215,0,3215
2/1/20,5911,0,5911
3/1/20,6180,0,6180
4/1/20,5502,0,5502
5/1/20,5389,1,5390
6/1/20,4043,1,4044
7/1/20,8833,0,8833
8/1/20,10315,2,10317
9/1/20,10623,1,10624
10/1/20,10787,5,10792
11/1/20,7407,32,7439
12/1/20,6493,31,6524
13/1/20,9581,16,9597
14/1/20,10268,12,10280
15/1/20,10410,32,10442
16/1/20,11279,37,11316
17/1/20,11216,63,11279
18/1/20,5174,43,5217
19/1/20,5794,48,5842
20/1/20,7814,17,7831
21/1/20,6611,11,6622
22/1/20,8339,24,8363
23/1/20,10505,47,10552
24/1/20,7867,17,7884
25/1/20,4533,20,4553
26/1/20,6467,67,6534
27/1/20,8493,10,8503
28/1/20,10012,12,10024
29/1/20,11184,21,11205
30/1/20,11009,31,11040
31/1/20,11585,72,11657
1/2/20,8166,141,8307
2/2/20,6866,73,6939
3/2/20,11449,75,11524
4/2/20,12311,57,12368
5/2/20,12364,40,12404
6/2/20,11899,70,11969
7/2/20,12031,51,12082
8/2/20,7528,76,7604
9/2/20,6903,120,7023
10/2/20,11402,53,11455
11/2/20,11842,28,11870
12/2/20,12087,36,12123
13/2/20,12551,55,12606
14/2/20,12499,110,12609
15/2/20,8574,166,8740
16/2/20,8192,162,8354
17/2/20,11231,57,11288
18/2/20,12175,43,12218
19/2/20,12898,53,12951
20/2/20,13036,54,13090
21/2/20,12789,64,12853
22/2/20,9038,218,9256
23/2/20,8298,226,8524
24/2/20,12177,85,12262
25/2/20,12646,62,12708
26/2/20,13133,70,13203
27/2/20,13170,109,13279
28/2/20,12510,117,12627
29/2/20,7732,130,7862
1/3/20,6325,134,6459
2/3/20,9025,50,9075
3/3/20,11502,34,11536
4/3/20,13020,43,13063
5/3/20,12380,43,12423
6/3/20,11931,59,11990
7/3/20,8490,143,8633
8/3/20,8010,164,8174
9/3/20,11807,53,11860
10/3/20,12629,43,12672
11/3/20,11479,60,11539
12/3/20,9380,60,9440
13/3/20,7129,54,7183
14/3/20,2516,61,2577
15/3/20,968,14,982
16/3/20,1,1,1
17/3/20,1,1,1
18/3/20,1,1,1
19/3/20,1,1,1
20/3/20,1,1,1
21/3/20,1,1,1
22/3/20,1,1,1
23/3/20,1,1,1
24/3/20,1,1,1
26/3/20,1,1,1
27/3/20,1,1,1
28/3/20,1,1,1
29/3/20,1,1,1
30/3/20,1,1,1
31/3/20,1,1,1
1/4/20,1,1,1
2/4/20,1,1,1
3/4/20,1,1,1
4/4/20,1,1,1
5/4/20,1,1,1
6/4/20,1,1,1
7/4/20,1,1,1
8/4/20,1,1,1
9/4/20,1,1,1
10/4/20,1,1,1
11/4/20,1,1,1
12/4/20,1,1,1
13/4/20,1,1,1
14/4/20,1,1,1
15/4/20,1,1,1
16/4/20,1,1,1
17/4/20,1,1,1
18/4/20,1,1,1
19/4/20,1,1,1
20/4/20,1,1,1
21/4/20,1,1,1
22/4/20,580,1,581
23/4/20,831,2,833
24/4/20,1037,5,1042
25/4/20,537,0,537
26/4/20,504,2,506
27/4/20,1060,1,1061
28/4/20,1140,1,1141
29/4/20,1351,1,1352
30/4/20,1406,3,1409
1/5/20,702,4,706
2/5/20,2229,37,2266
3/5/20,3480,206,3686
4/5/20,4092,132,4224
5/5/20,4960,179,5139
6/5/20,5259,185,5444
7/5/20,5565,194,5759
8/5/20,6591,239,6830
9/5/20,6501,453,6954
10/5/20,5969,376,6345
11/5/20,5533,145,5678
12/5/20,2619,25,2644
13/5/20,6361,125,6486
14/5/20,4386,92,4478
15/5/20,4303,118,4421
16/5/20,7341,254,7595
17/5/20,8294,479,8773
18/5/20,8763,227,8990
19/5/20,9509,241,9750
20/5/20,9766,256,10022
21/5/20,10116,240,10356
22/5/20,11501,310,11811
23/5/20,11445,518,11963
24/5/20,10018,547,10565
25/5/20,10073,151,10224
26/5/20,11468,142,11610
27/5/20,12266,139,12405
28/5/20,12549,150,12699
29/5/20,13675,175,13850
30/5/20,13443,303,13746
31/5/20,8644,151,8795
1/6/20,11819,101,11920
2/6/20,13084,154,13238
3/6/20,13258,150,13408
4/6/20,11926,88,12014
5/6/20,15007,159,15166
6/6/20,14840,252,15092
7/6/20,11096,196,11292
8/6/20,12735,79,12814
9/6/20,14016,99,14115
10/6/20,14576,65,14641
11/6/20,14458,70,14528
12/6/20,14141,65,14206
13/6/20,14041,202,14243
14/6/20,13469,263,13732
15/6/20,13834,57,13891
16/6/20,15228,54,15282
17/6/20,16092,56,16148
18/6/20,16556,95,16651
19/6/20,17264,74,17338
20/6/20,16206,151,16357
21/6/20,14123,192,14315
22/6/20,15131,67,15198
23/6/20,15938,61,15999
24/6/20,16084,55,16139
25/6/20,16548,43,16591
26/6/20,15704,55,15759
27/6/20,12549,94,12643
28/6/20,11467,105,11572
29/6/20,14562,56,14618
30/6/20,15682,50,15732
1/7/20,16665,56,16721
2/7/20,16634,67,16701
3/7/20,15404,75,15479
4/7/20,11928,104,12032
5/7/20,10430,140,10570
6/7/20,13949,66,14015
7/7/20,15371,48,15419
8/7/20,15837,61,15898
9/7/20,15646,58,15704
10/7/20,14506,55,14561
11/7/20,11011,93,11104
12/7/20,9784,114,9898
13/7/20,13914,61,13975
14/7/20,15259,76,15335
15/7/20,15318,86,15404
16/7/20,14333,59,14392
17/7/20,13944,57,14001
18/7/20,10424,114,10538
19/7/20,9384,179,9563
20/7/20,13125,49,13174
21/7/20,14374,52,14426
22/7/20,14743,82,14825
23/7/20,14807,88,14895
24/7/20,13290,58,13348
25/7/20,9783,102,9885
26/7/20,8758,122,8880
27/7/20,12117,79,12196
28/7/20,13699,69,13768
29/7/20,13823,63,13886
30/7/20,13428,75,13503
31/7/20,12425,87,12512
1/8/20,9076,143,9219
2/8/20,7729,129,7858
3/8/20,10561,99,10660
4/8/20,11240,98,11338
5/8/20,11225,104,11329
6/8/20,10918,55,10973
7/8/20,9631,56,9687
8/8/20,7390,90,7480
9/8/20,6784,79,6863
10/8/20,8481,57,8538
11/8/20,4822,12,4834
12/8/20,9473,64,9537
13/8/20,9804,78,9882
14/8/20,8849,66,8915
15/8/20,6835,87,6922
16/8/20,6772,135,6907
17/8/20,8995,67,9062
18/8/20,9566,95,9661
19/8/20,10097,80,10177
20/8/20,9791,91,9882
21/8/20,9281,85,9366
22/8/20,7611,127,7738
23/8/20,7403,118,7521
24/8/20,9816,87,9903
25/8/20,11169,68,11237
26/8/20,11745,68,11813
27/8/20,11704,84,11788
28/8/20,11410,83,11493
29/8/20,9172,130,9302
30/8/20,8587,115,8702
31/8/20,11858,75,11933
1/9/20,14644,53,14697
2/9/20,15464,52,15516
3/9/20,15884,58,15942
4/9/20,15566,49,15615
5/9/20,12690,76,12766
6/9/20,11664,115,11779
7/9/20,14784,37,14821
8/9/20,15773,45,15818
9/9/20,16727,52,16779
10/9/20,16937,32,16969
11/9/20,16370,71,16441
12/9/20,13436,183,13619
13/9/20,12380,90,12470
14/9/20,15346,37,15383
15/9/20,16137,38,16175
16/9/20,16826,47,16873
17/9/20,13814,25,13839
18/9/20,11333,26,11359
19/9/20,9270,38,9308
20/9/20,10470,91,10561
21/9/20,14051,35,14086
22/9/20,15326,33,15359
23/9/20,15759,44,15803
24/9/20,12557,30,12587
25/9/20,14405,28,14433
26/9/20,11808,93,11901
27/9/20,11098,91,11189
28/9/20,14019,23,14042
29/9/20,15593,39,15632
30/9/20,16016,40,16056
1/10/20,15895,33,15928
2/10/20,11292,8,11300
3/10/20,11462,77,11539
4/10/20,9678,34,9712
5/10/20,13295,15,13310
6/10/20,14859,37,14896
7/10/20,15873,44,15917
8/10/20,16222,29,16251
9/10/20,16304,31,16335
10/10/20,13993,157,14150
11/10/20,11935,113,12048
12/10/20,11061,124,11185
13/10/20,14525,20,14545
14/10/20,15275,18,15293
15/10/20,14770,19,14789
16/10/20,15116,17,15133
17/10/20,12843,63,12906
18/10/20,11947,82,12029
19/10/20,13727,27,13754
20/10/20,5272,10,5282
21/10/20,12176,3,12179
22/10/20,10832,12,10844
23/10/20,11611,17,11628
24/10/20,11412,39,11451
25/10/20,5968,8,5976
26/10/20,11382,9,11391
27/10/20,12515,12,12527
28/10/20,12871,7,12878
29/10/20,12983,11,12994
30/10/20,13803,32,13835
31/10/20,11642,64,11706
1/11/20,10289,67,10356
2/11/20,8879,70,8949
3/11/20,7923,16,7939
4/11/20,9050,7,9057
5/11/20,5090,4,5094
6/11/20,11478,1,11479
7/11/20,8741,17,8758
8/11/20,9287,51,9338
9/11/20,8006,28,8034
10/11/20,11938,12,11950
11/11/20,12579,5,12584
12/11/20,12652,7,12659
13/11/20,13623,11,13634
14/11/20,7140,9,7149
15/11/20,8494,40,8534
16/11/20,11563,9,11572
17/11/20,11120,5,11125
18/11/20,12361,9,12370
19/11/20,13138,11,13149
20/11/20,13641,14,13655
21/11/20,10933,62,10995
22/11/20,9411,58,9469
23/11/20,10770,7,10777
24/11/20,11611,9,11620
25/11/20,10941,7,10948
26/11/20,6304,3,6307
27/11/20,6015,0,6015
28/11/20,9880,29,9909
29/11/20,8737,44,8781
30/11/20,10604,14,10618
1/12/20,11756,6,11762
2/12/20,11648,4,11652
3/12/20,11060,7,11067
4/12/20,10484,5,10489
5/12/20,7960,22,7982
6/12/20,6906,17,6923
7/12/20,6250,4,6254
8/12/20,6950,36,6986
9/12/20,10155,12,10167
10/12/20,10690,12,10702
11/12/20,10930,12,10942
12/12/20,10464,19,10483
13/12/20,8722,21,8743
14/12/20,8844,5,8849
15/12/20,10917,2,10919
16/12/20,9813,2,9815
17/12/20,11421,10,11431
18/12/20,11558,4,11562
19/12/20,5544,12,5556
20/12/20,7805,33,7838
21/12/20,9423,24,9447
22/12/20,9878,22,9900
23/12/20,8738,12,8750
24/12/20,5097,20,5117
25/12/20,3463,22,3485
26/12/20,5628,37,5665
27/12/20,4802,28,4830
28/12/20,6174,37,6211
29/12/20,6869,15,6884
30/12/20,7198,6,7204
31/12/20,4894,6,4900
1/1/21,3213,28,3241
2/1/21,5180,34,5214
3/1/21,5256,48,5304
4/1/21,6903,6,6909
5/1/21,7267,16,7283
6/1/21,4216,39,4255
7/1/21,4001,3,4004
8/1/21,1942,2,1944
9/1/21,118,0,118
10/1/21,294,0,294
11/1/21,514,0,514
12/1/21,528,0,528
13/1/21,788,4,792
14/1/21,1129,3,1132
15/1/21,1775,0,1775
16/1/21,2140,5,2145
17/1/21,2238,10,2248
18/1/21,3101,2,3103
19/1/21,3494,1,3495
20/1/21,2696,2,2698
21/1/21,3775,6,3781
22/1/21,5436,5,5441
23/1/21,3987,7,3994
24/1/21,4898,8,4906
25/1/21,6012,2,6014
26/1/21,7378,7,7385
27/1/21,8274,10,8284
28/1/21,7749,7,7756
29/1/21,8519,16,8535
30/1/21,6863,24,6887
31/1/21,5431,22,5453
1/2/21,8030,9,8039
2/2/21,8285,2,8287
3/2/21,8214,3,8217
4/2/21,8920,8,8928
5/2/21,9368,17,9385
6/2/21,5741,17,5758
7/2/21,6432,36,6468
8/2/21,6736,7,6743
9/2/21,4424,5,4429
10/2/21,9141,9,9150
11/2/21,8683,11,8694
12/2/21,10107,21,10128
13/2/21,9414,63,9477
14/2/21,8326,54,8380
15/2/21,9527,22,9549
16/2/21,10200,31,10231
17/2/21,10726,10,10736
18/2/21,11460,25,11485
19/2/21,12080,32,12112
20/2/21,10296,95,10391
21/2/21,4544,18,4562
22/2/21,8994,26,9020
23/2/21,10934,31,10965
24/2/21,11189,9,11198
25/2/21,11516,19,11535
26/2/21,12734,39,12773
27/2/21,11009,99,11108
28/2/21,8494,69,8563
1/3/21,9234,15,9249
2/3/21,11298,46,11344
3/3/21,11926,47,11973
4/3/21,12057,38,12095
5/3/21,12844,15,12859
6/3/21,10604,92,10696
7/3/21,7657,52,7709
8/3/21,8122,10,8132
9/3/21,11733,27,11760
10/3/21,12034,48,12082
11/3/21,12972,30,13002
12/3/21,13534,47,13581
13/3/21,10868,119,10987
14/3/21,9098,159,9257
15/3/21,11262,25,11287
16/3/21,12175,69,12244
17/3/21,12519,60,12579
18/3/21,12430,30,12460
19/3/21,8139,39,8178
20/3/21,8985,71,9056
21/3/21,8457,82,8539
22/3/21,11208,50,11258
23/3/21,12706,39,12745
24/3/21,13126,16,13142
25/3/21,13141,35,13176
26/3/21,12701,56,12757
27/3/21,9902,134,10036
28/3/21,9045,123,9168
29/3/21,10479,88,10567
30/3/21,11303,82,11385
31/3/21,12106,127,12233
1/4/21,9516,104,9620
2/4/21,5505,50,5555
3/4/21,8637,133,8770
4/4/21,9612,188,9800
5/4/21,11681,128,11809
6/4/21,13782,68,13850
7/4/21,13637,37,13674
8/4/21,13441,65,13506
9/4/21,9913,16,9929
10/4/21,9852,88,9940
11/4/21,6872,54,6926
12/4/21,11872,22,11894
13/4/21,10435,15,10450
14/4/21,13300,30,13330
15/4/21,12608,32,12640
16/4/21,14194,65,14259
17/4/21,11235,137,11372
18/4/21,9450,107,9557
19/4/21,11579,28,11607
20/4/21,12466,36,12502
21/4/21,13250,41,13291
22/4/21,9284,47,9331
23/4/21,13713,63,13776
24/4/21,9026,68,9094
25/4/21,2648,10,2658
26/4/21,10301,34,10335
27/4/21,10860,22,10882
28/4/21,12028,24,12052
29/4/21,12327,18,12345
30/4/21,13377,37,13414