DIA,Usos_bicis_abono_anual_,Usos_bicis_abono_ocasional_,Usos_bicis_total
23/6/14,20,79,99
24/6/14,24,48,72
25/6/14,105,14,119
26/6/14,120,15,135
27/6/14,131,18,149
28/6/14,101,18,119
29/6/14,107,33,140
30/6/14,121,16,137
1/7/14,126,6,132
2/7/14,128,2,130
3/7/14,85,7,92
4/7/14,121,4,125
5/7/14,783,3,786
6/7/14,1.230,5,1.235
7/7/14,1.324,3,1.327
8/7/14,1.774,6,1.780
9/7/14,1.874,8,1.882
10/7/14,2.266,7,2.273
11/7/14,2.212,2,2.214
12/7/14,1.949,4,1.953
13/7/14,1.792,2,1.794
14/7/14,2.311,3,2.314
15/7/14,2.537,2,2.539
16/7/14,2.673,7,2.680
17/7/14,2.651,8,2.659
18/7/14,2.547,5,2.552
19/7/14,2.359,2,2.361
20/7/14,2.371,2,2.373
21/7/14,2.676,3,2.679
22/7/14,2.935,4,2.939
23/7/14,2.927,5,2.932
24/7/14,3.204,9,3.213
25/7/14,3.084,2,3.086
26/7/14,2.467,0,2.467
27/7/14,2.321,0,2.321
28/7/14,2.894,4,2.898
29/7/14,3.168,3,3.171
30/7/14,3.238,5,3.243
31/7/14,3.365,5,3.370
1/8/14,3.048,6,3.054
2/8/14,2.533,1,2.534
3/8/14,2.624,0,2.624
4/8/14,2.813,4,2.817
5/8/14,2.830,6,2.836
6/8/14,3.054,6,3.060
7/8/14,2.967,5,2.972
8/8/14,2.907,9,2.916
9/8/14,2.582,0,2.582
10/8/14,2.687,1,2.688
11/8/14,2.900,2,2.902
12/8/14,3.008,3,3.011
13/8/14,3.102,9,3.111
14/8/14,2.791,3,2.794
15/8/14,2.392,0,2.392
16/8/14,2.254,0,2.254
17/8/14,2.444,3,2.447
18/8/14,2.945,5,2.950
19/8/14,3.155,5,3.160
20/8/14,3.358,0,3.358
21/8/14,3.678,4,3.682
22/8/14,3.419,0,3.419
23/8/14,3.158,0,3.158
24/8/14,3.421,1,3.422
25/8/14,3.556,3,3.559
26/8/14,3.992,1,3.993
27/8/14,4.008,2,4.010
28/8/14,4.125,6,4.131
29/8/14,4.255,5,4.260
30/8/14,4.002,1,4.003
31/8/14,4.323,0,4.323
1/9/14,4.292,7,4.299
2/9/14,4.608,8,4.616
3/9/14,5.163,8,5.171
4/9/14,5.334,5,5.339
5/9/14,4.957,1,4.958
6/9/14,4.791,1,4.792
7/9/14,4.724,1,4.725
8/9/14,4.917,3,4.920
9/9/14,5.209,6,5.215
10/9/14,5.297,0,5.297
11/9/14,5.246,7,5.253
12/9/14,5.340,1,5.341
13/9/14,4.827,0,4.827
14/9/14,4.978,1,4.979
15/9/14,5.022,7,5.029
16/9/14,5.021,2,5.023
17/9/14,4.739,1,4.740
18/9/14,4.319,1,4.320
19/9/14,4.858,1,4.859
20/9/14,5.028,2,5.030
21/9/14,4.955,0,4.955
22/9/14,4.750,5,4.755
23/9/14,5.403,2,5.405
24/9/14,4.867,1,4.868
25/9/14,5.904,2,5.906
26/9/14,5.595,3,5.598
27/9/14,5.083,0,5.083
28/9/14,4.008,1,4.009
29/9/14,4.976,6,4.982
30/9/14,5.616,4,5.620
1/10/14,5.894,5,5.899
2/10/14,6.050,0,6.050
3/10/14,6.325,8,6.333
4/10/14,6.017,0,6.017
5/10/14,5.720,0,5.720
6/10/14,5.427,4,5.431
7/10/14,5.751,2,5.753
8/10/14,6.037,10,6.047
9/10/14,3.697,3,3.700
10/10/14,4.669,6,4.675
11/10/14,4.292,0,4.292
12/10/14,4.625,3,4.628
13/10/14,4.443,3,4.446
14/10/14,4.009,0,4.009
15/10/14,5.513,3,5.516
16/10/14,5.946,2,5.948
17/10/14,6.839,1,6.840
18/10/14,6.265,1,6.266
19/10/14,5.941,1,5.942
20/10/14,5.732,4,5.736
21/10/14,6.145,0,6.145
22/10/14,6.309,0,6.309
23/10/14,6.321,1,6.322
24/10/14,6.575,4,6.579
25/10/14,6.209,1,6.210
26/10/14,6.004,1,6.005
27/10/14,5.635,2,5.637
28/10/14,5.873,4,5.877
29/10/14,5.967,0,5.967
30/10/14,6.099,0,6.099
31/10/14,6.021,2,6.023
1/11/14,5.219,0,5.219
2/11/14,4.170,0,4.170
3/11/14,3.509,3,3.512
4/11/14,4.361,2,4.363
5/11/14,4.998,2,5.000
6/11/14,5.057,1,5.058
7/11/14,4.471,2,4.473
8/11/14,3.629,1,3.630
9/11/14,3.453,1,3.454
10/11/14,3.156,0,3.156
11/11/14,2.578,4,2.582
12/11/14,4.628,8,4.636
13/11/14,4.003,3,4.006
14/11/14,3.485,0,3.485
15/11/14,3.737,0,3.737
16/11/14,3.786,0,3.786
17/11/14,3.971,5,3.976
18/11/14,4.086,1,4.087
19/11/14,4.578,2,4.580
20/11/14,4.878,2,4.880
21/11/14,5.042,2,5.044
22/11/14,4.567,4,4.571
23/11/14,3.629,2,3.631
24/11/14,4.131,4,4.135
25/11/14,3.753,0,3.753
26/11/14,4.476,5,4.481
27/11/14,3.261,0,3.261
28/11/14,2.133,0,2.133
29/11/14,3.137,30,3.167
30/11/14,3.703,57,3.760
1/12/14,4.225,11,4.236
2/12/14,4.573,7,4.580
3/12/14,4.350,4,4.354
4/12/14,4.546,9,4.555
5/12/14,4.533,21,4.554
6/12/14,3.114,45,3.159
7/12/14,2.986,85,3.071
8/12/14,3.045,59,3.104
9/12/14,3.673,25,3.698
10/12/14,4.189,14,4.203
11/12/14,4.490,32,4.522
12/12/14,4.761,35,4.796
13/12/14,2.676,23,2.699
14/12/14,1.740,2,1.742
15/12/14,3.960,19,3.979
16/12/14,4.378,31,4.409
17/12/14,4.547,27,4.574
18/12/14,4.828,25,4.853
19/12/14,5.126,47,5.173
20/12/14,4.454,99,4.553
21/12/14,4.027,174,4.201
22/12/14,3.962,76,4.038
23/12/14,3.960,65,4.025
24/12/14,2.765,62,2.827
25/12/14,2.073,145,2.218
26/12/14,3.171,138,3.309
27/12/14,3.079,157,3.236
28/12/14,2.471,107,2.578
29/12/14,3.060,87,3.147
30/12/14,3.262,94,3.356
31/12/14,2.609,133,2.742
1/1/15,2.018,149,2.167
2/1/15,2.880,153,3.033
3/1/15,3.187,170,3.357
4/1/15,3.296,154,3.450
5/1/15,4.039,117,4.156
6/1/15,2.651,115,2.766
7/1/15,3.821,58,3.879
8/1/15,4.333,60,4.393
9/1/15,4.832,86,4.918
10/1/15,4.494,94,4.588
11/1/15,4.209,141,4.350
12/1/15,4.241,44,4.285
13/1/15,4.365,34,4.399
14/1/15,4.319,23,4.342
15/1/15,3.637,26,3.663
16/1/15,4.236,18,4.254
17/1/15,3.930,111,4.041
18/1/15,2.323,49,2.372
19/1/15,3.309,22,3.331
20/1/15,3.698,12,3.710
21/1/15,3.473,27,3.500
22/1/15,4.202,20,4.222
23/1/15,4.601,26,4.627
24/1/15,4.473,107,4.580
25/1/15,4.085,150,4.235
26/1/15,4.172,59,4.231
27/1/15,4.451,28,4.479
28/1/15,4.911,38,4.949
29/1/15,4.745,21,4.766
30/1/15,3.938,33,3.971
31/1/15,3.831,60,3.891
1/2/15,3.487,125,3.612
2/2/15,2.786,14,2.800
3/2/15,3.182,51,3.233
4/2/15,3.805,25,3.830
5/2/15,3.943,16,3.959
6/2/15,4.249,27,4.276
7/2/15,3.452,45,3.497
8/2/15,3.660,98,3.758
9/2/15,4.023,30,4.053
10/2/15,4.402,11,4.413
11/2/15,4.411,25,4.436
12/2/15,4.946,39,4.985
13/2/15,5.015,67,5.082
14/2/15,4.139,153,4.292
15/2/15,3.800,189,3.989
16/2/15,4.502,98,4.600
17/2/15,4.564,67,4.631
18/2/15,4.770,42,4.812
19/2/15,5.034,44,5.078
20/2/15,4.988,64,5.052
21/2/15,4.259,176,4.435
22/2/15,4.537,233,4.770
23/2/15,4.514,77,4.591
24/2/15,4.608,31,4.639
25/2/15,5.067,47,5.114
26/2/15,5.446,65,5.511
27/2/15,5.908,115,6.023
28/2/15,5.491,273,5.764
1/3/15,5.548,305,5.853
2/3/15,5.017,92,5.109
3/3/15,5.289,70,5.359
4/3/15,5.353,51,5.404
5/3/15,5.513,27,5.540
6/3/15,6.177,71,6.248
7/3/15,6.461,326,6.787
8/3/15,6.235,482,6.717
9/3/15,5.635,85,5.720
10/3/15,6.264,111,6.375
11/3/15,6.516,111,6.627
12/3/15,6.570,123,6.693
13/3/15,6.749,139,6.888
14/3/15,5.793,267,6.060
15/3/15,4.521,173,4.694
16/3/15,5.037,46,5.083
17/3/15,5.413,65,5.478
18/3/15,3.305,20,3.325
19/3/15,3.953,59,4.012
20/3/15,3.911,58,3.969
21/3/15,3.128,84,3.212
22/3/15,3.619,118,3.737
23/3/15,1.853,16,1.869
24/3/15,5.191,33,5.224
25/3/15,5.312,51,5.363
26/3/15,6.068,96,6.164
27/3/15,7.219,208,7.427
28/3/15,6.947,563,7.510
29/3/15,6.352,472,6.824
30/3/15,6.078,234,6.312
31/3/15,6.252,199,6.451
1/4/15,5.620,222,5.842
2/4/15,4.263,445,4.708
3/4/15,4.098,620,4.718
4/4/15,4.535,624,5.159
5/4/15,5.365,696,6.061
6/4/15,6.218,316,6.534
7/4/15,6.651,144,6.795
8/4/15,6.225,130,6.355
9/4/15,4.384,39,4.423
10/4/15,7.065,105,7.170
11/4/15,7.367,313,7.680
12/4/15,7.046,395,7.441
13/4/15,6.609,131,6.740
14/4/15,7.442,124,7.566
15/4/15,6.341,60,6.401
16/4/15,6.885,59,6.944
17/4/15,8.056,129,8.185
18/4/15,7.429,333,7.762
19/4/15,6.794,542,7.336
20/4/15,6.822,177,6.999
21/4/15,7.298,132,7.430
22/4/15,7.899,138,8.037
23/4/15,8.572,159,8.731
24/4/15,8.637,244,8.881
25/4/15,7.266,448,7.714
26/4/15,3.364,104,3.468
27/4/15,6.192,78,6.270
28/4/15,7.553,103,7.656
29/4/15,8.312,130,8.442
30/4/15,8.369,178,8.547
1/5/15,6.917,587,7.504
2/5/15,6.746,732,7.478
3/5/15,6.137,529,6.666
4/5/15,7.055,187,7.242
5/5/15,7.811,112,7.923
6/5/15,8.405,149,8.554
7/5/15,8.910,130,9.040
8/5/15,9.495,230,9.725
9/5/15,9.138,558,9.696
10/5/15,8.998,652,9.650
11/5/15,8.151,169,8.320
12/5/15,8.899,144,9.043
13/5/15,9.145,138,9.283
14/5/15,9.372,213,9.585
15/5/15,7.711,483,8.194
16/5/15,7.979,633,8.612
17/5/15,7.696,644,8.340
18/5/15,8.541,240,8.781
19/5/15,8.514,153,8.667
20/5/15,8.772,128,8.900
21/5/15,8.820,215,9.035
22/5/15,8.934,179,9.113
23/5/15,8.489,468,8.957
24/5/15,8.739,530,9.269
25/5/15,8.409,295,8.704
26/5/15,9.193,180,9.373
27/5/15,9.484,200,9.684
28/5/15,9.765,191,9.956
29/5/15,9.860,201,10.061
30/5/15,8.923,445,9.368
31/5/15,9.047,424,9.471
1/6/15,8.862,213,9.075
2/6/15,9.786,170,9.956
3/6/15,10.329,154,10.483
4/6/15,9.410,360,9.770
5/6/15,9.287,201,9.488
6/6/15,8.501,446,8.947
7/6/15,8.580,484,9.064
8/6/15,9.342,258,9.600
9/6/15,9.573,157,9.730
10/6/15,8.880,82,8.962
11/6/15,8.759,149,8.908
12/6/15,10.641,175,10.816
13/6/15,9.953,355,10.308
14/6/15,8.514,388,8.902
15/6/15,7.744,111,7.855
16/6/15,10.044,179,10.223
17/6/15,10.602,120,10.722
18/6/15,11.349,163,11.512
19/6/15,11.744,239,11.983
20/6/15,10.192,499,10.691
21/6/15,9.353,403,9.756
22/6/15,9.903,183,10.086
23/6/15,9.334,148,9.482
24/6/15,11.459,179,11.638
25/6/15,12.147,182,12.329
26/6/15,11.479,197,11.676
27/6/15,9.229,302,9.531
28/6/15,8.935,369,9.304
29/6/15,9.721,141,9.862
30/6/15,10.530,180,10.710
1/7/15,11.245,177,11.422
2/7/15,11.512,174,11.686
3/7/15,11.083,192,11.275
4/7/15,9.401,328,9.729
5/7/15,7.738,304,8.042
6/7/15,8.826,176,9.002
7/7/15,9.812,168,9.980
8/7/15,10.855,187,11.042
9/7/15,12.130,249,12.379
10/7/15,11.325,205,11.530
11/7/15,9.101,332,9.433
12/7/15,8.299,363,8.662
13/7/15,10.507,259,10.766
14/7/15,10.979,169,11.148
15/7/15,11.589,134,11.723
16/7/15,11.593,157,11.750
17/7/15,10.981,212,11.193
18/7/15,9.142,355,9.497
19/7/15,8.316,427,8.743
20/7/15,10.049,268,10.317
21/7/15,10.447,192,10.639
22/7/15,10.544,151,10.695
23/7/15,11.251,179,11.430
24/7/15,10.465,218,10.683
25/7/15,8.618,393,9.011
26/7/15,7.977,316,8.293
27/7/15,9.443,159,9.602
28/7/15,10.363,189,10.552
29/7/15,10.827,159,10.986
30/7/15,10.578,155,10.733
31/7/15,9.814,189,10.003
1/8/15,8.081,282,8.363
2/8/15,7.509,359,7.868
3/8/15,8.437,177,8.614
4/8/15,8.906,203,9.109
5/8/15,9.327,179,9.506
6/8/15,9.575,271,9.846
7/8/15,8.671,175,8.846
8/8/15,7.554,374,7.928
9/8/15,6.969,374,7.343
10/8/15,7.986,189,8.175
11/8/15,8.750,191,8.941
12/8/15,9.132,251,9.383
13/8/15,8.974,236,9.210
14/8/15,8.165,231,8.396
15/8/15,7.000,297,7.297
16/8/15,6.770,336,7.106
17/8/15,8.362,200,8.562
18/8/15,8.796,269,9.065
19/8/15,8.910,227,9.137
20/8/15,9.408,294,9.702
21/8/15,8.737,306,9.043
22/8/15,7.668,475,8.143
23/8/15,7.911,469,8.380
24/8/15,8.635,223,8.858
25/8/15,9.397,212,9.609
26/8/15,10.135,197,10.332
27/8/15,10.421,189,10.610
28/8/15,10.309,245,10.554
29/8/15,9.433,400,9.833
30/8/15,8.022,312,8.334
31/8/15,9.601,142,9.743
1/9/15,11.238,162,11.400
2/9/15,11.942,158,12.100
3/9/15,12.919,171,13.090
4/9/15,12.253,177,12.430
5/9/15,10.598,454,11.052
6/9/15,10.629,561,11.190
7/9/15,10.586,226,10.812
8/9/15,12.325,194,12.519
9/9/15,12.863,184,13.047
10/9/15,13.747,164,13.911
11/9/15,13.558,254,13.812
12/9/15,11.419,513,11.932
13/9/15,10.394,549,10.943
14/9/15,11.076,206,11.282
15/9/15,10.079,106,10.185
16/9/15,7.669,64,7.733
17/9/15,11.883,127,12.010
18/9/15,13.478,199,13.677
19/9/15,12.287,328,12.615
20/9/15,11.685,745,12.430
21/9/15,12.068,230,12.298
22/9/15,13.662,130,13.792
23/9/15,13.555,198,13.753
24/9/15,14.077,183,14.260
25/9/15,14.976,332,15.308
26/9/15,13.485,594,14.079
27/9/15,12.377,723,13.100
28/9/15,11.880,239,12.119
29/9/15,12.505,130,12.635
30/9/15,13.490,137,13.627
1/10/15,13.882,198,14.080
2/10/15,15.009,250,15.259
3/10/15,13.645,538,14.183
4/10/15,11.192,595,11.787
5/10/15,9.810,165,9.975
6/10/15,12.174,144,12.318
7/10/15,12.292,143,12.435
8/10/15,13.045,150,13.195
9/10/15,13.525,241,13.766
10/10/15,11.026,576,11.602
11/10/15,9.000,469,9.469
12/10/15,10.093,533,10.626
13/10/15,8.567,104,8.671
14/10/15,11.475,163,11.638
15/10/15,12.349,142,12.491
16/10/15,13.346,185,13.531
17/10/15,9.709,321,10.030
18/10/15,6.005,232,6.237
19/10/15,8.612,175,8.787
20/10/15,11.120,190,11.310
21/10/15,11.229,165,11.394
22/10/15,11.845,171,12.016
23/10/15,12.461,226,12.687
24/10/15,12.004,484,12.488
25/10/15,11.347,495,11.842
26/10/15,8.135,102,8.237
27/10/15,8.764,87,8.851
28/10/15,9.598,77,9.675
29/10/15,11.033,128,11.161
30/10/15,12.678,219,12.897
31/10/15,11.295,395,11.690
1/11/15,9.313,471,9.784
2/11/15,4.764,69,4.833
3/11/15,8.017,98,8.115
4/11/15,8.993,72,9.065
5/11/15,10.403,80,10.483
6/11/15,11.091,161,11.252
7/11/15,10.243,577,10.820
8/11/15,9.359,433,9.792
9/11/15,8.494,492,8.986
10/11/15,10.056,172,10.228
11/11/15,10.706,137,10.843
12/11/15,11.054,137,11.191
13/11/15,12.787,260,13.047
14/11/15,11.376,393,11.769
15/11/15,10.213,459,10.672
16/11/15,9.545,110,9.655
17/11/15,10.372,64,10.436
18/11/15,10.986,73,11.059
19/11/15,11.280,71,11.351
20/11/15,12.149,168,12.317
21/11/15,9.836,311,10.147
22/11/15,7.103,206,7.309
23/11/15,7.836,62,7.898
24/11/15,8.593,69,8.662
25/11/15,9.730,63,9.793
26/11/15,10.408,97,10.505
27/11/15,11.242,131,11.373
28/11/15,10.296,379,10.675
29/11/15,8.557,304,8.861
30/11/15,8.398,70,8.468
1/12/15,9.038,58,9.096
2/12/15,9.340,64,9.404
3/12/15,10.303,44,10.347
4/12/15,10.806,105,10.911
5/12/15,9.330,429,9.759
6/12/15,8.348,503,8.851
7/12/15,7.860,250,8.110
8/12/15,7.519,345,7.864
9/12/15,9.109,82,9.191
10/12/15,9.840,50,9.890
11/12/15,11.144,127,11.271
12/12/15,9.687,218,9.905
13/12/15,8.505,200,8.705
14/12/15,7.827,77,7.904
15/12/15,9.476,82,9.558
16/12/15,9.902,67,9.969
17/12/15,10.377,142,10.519
18/12/15,10.936,109,11.045
19/12/15,10.060,280,10.340
20/12/15,8.358,177,8.535
21/12/15,8.670,152,8.822
22/12/15,9.345,187,9.532
23/12/15,8.595,190,8.785
24/12/15,4.942,128,5.070
25/12/15,3.229,317,3.546
26/12/15,4.831,305,5.136
27/12/15,5.268,319,5.587
28/12/15,4.701,168,4.869
29/12/15,6.205,193,6.398
30/12/15,6.758,219,6.977
31/12/15,4.696,255,4.951
1/1/16,3.369,289,3.658
2/1/16,4.739,298,5.037
3/1/16,3.919,153,4.072
4/1/16,4.219,95,4.314
5/1/16,6.712,144,6.856
6/1/16,3.574,79,3.653
7/1/16,6.643,84,6.727
8/1/16,6.621,89,6.710
9/1/16,6.132,126,6.258
10/1/16,3.233,40,3.273
11/1/16,5.910,40,5.950
12/1/16,7.710,52,7.762
13/1/16,8.069,58,8.127
14/1/16,5.378,23,5.401
15/1/16,8.043,41,8.084
16/1/16,7.218,224,7.442
17/1/16,5.755,161,5.916
18/1/16,7.002,51,7.053
19/1/16,7.669,44,7.713
20/1/16,7.881,47,7.928
21/1/16,7.960,42,8.002
22/1/16,7.674,54,7.728
23/1/16,8.214,327,8.541
24/1/16,8.189,401,8.590
25/1/16,8.115,100,8.215
26/1/16,8.852,103,8.955
27/1/16,8.284,65,8.349
28/1/16,6.189,31,6.220
29/1/16,7.609,52,7.661
30/1/16,7.832,233,8.065
31/1/16,7.424,402,7.826
1/2/16,8.451,139,8.590
2/2/16,8.741,115,8.856
3/2/16,9.214,68,9.282
4/2/16,8.992,53,9.045
5/2/16,9.145,95,9.240
6/2/16,6.781,202,6.983
7/2/16,5.337,209,5.546
8/2/16,7.387,73,7.460
9/2/16,7.429,63,7.492
10/2/16,8.634,38,8.672
11/2/16,7.491,24,7.515
12/2/16,5.129,30,5.159
13/2/16,5.180,133,5.313
14/2/16,4.131,88,4.219
15/2/16,6.740,49,6.789
16/2/16,7.308,46,7.354
17/2/16,7.468,39,7.507
18/2/16,6.715,24,6.739
19/2/16,8.267,120,8.387
20/2/16,7.317,325,7.642
21/2/16,6.678,298,6.976
22/2/16,7.883,98,7.981
23/2/16,8.821,108,8.929
24/2/16,6.959,34,6.993
25/2/16,8.496,89,8.585
26/2/16,4.576,22,4.598
27/2/16,5.636,147,5.783
28/2/16,5.276,122,5.398
29/2/16,7.716,132,7.848
1/3/16,8.496,103,8.599
2/3/16,9.229,86,9.315
3/3/16,9.352,80,9.432
4/3/16,8.423,130,8.553
5/3/16,6.171,148,6.319
6/3/16,5.793,272,6.065
7/3/16,6.226,80,6.306
8/3/16,8.027,69,8.096
9/3/16,8.058,65,8.123
10/3/16,8.448,66,8.514
11/3/16,8.943,121,9.064
12/3/16,7.466,370,7.836
13/3/16,6.989,387,7.376
14/3/16,7.819,98,7.917
15/3/16,8.757,63,8.820
16/3/16,9.367,81,9.448
17/3/16,9.640,124,9.764
18/3/16,7.918,135,8.053
19/3/16,4.456,104,4.560
20/3/16,4.704,226,4.930
21/3/16,4.085,108,4.193
22/3/16,6.274,106,6.380
23/3/16,6.111,143,6.254
24/3/16,4.115,330,4.445
25/3/16,3.565,377,3.942
26/3/16,4.063,437,4.500
27/3/16,4.484,394,4.878
28/3/16,6.427,150,6.577
29/3/16,8.496,139,8.635
30/3/16,9.752,184,9.936
31/3/16,8.675,95,8.770
1/4/16,9.409,93,9.502
2/4/16,8.228,354,8.582
3/4/16,5.661,190,5.851
4/4/16,2.164,8,2.172
5/4/16,8.928,123,9.051
6/4/16,9.910,88,9.998
7/4/16,10.551,132,10.683
8/4/16,9.941,177,10.118
9/4/16,8.593,434,9.027
10/4/16,5.373,152,5.525
11/4/16,4.838,60,4.898
12/4/16,4.193,40,4.233
13/4/16,8.921,90,9.011
14/4/16,9.814,102,9.916
15/4/16,9.310,188,9.498
16/4/16,4.033,61,4.094
17/4/16,7.784,487,8.271
18/4/16,9.486,247,9.733
19/4/16,5.465,43,5.508
20/4/16,5.336,30,5.366
21/4/16,9.379,144,9.523
22/4/16,9.275,169,9.444
23/4/16,7.196,292,7.488
24/4/16,8.467,553,9.020
25/4/16,9.371,157,9.528
26/4/16,10.348,104,10.452
27/4/16,10.338,128,10.466
28/4/16,9.873,142,10.015
29/4/16,9.532,221,9.753
30/4/16,6.957,511,7.468
1/5/16,5.878,536,6.414
2/5/16,6.703,525,7.228
3/5/16,10.253,200,10.453
4/5/16,11.535,185,11.720
5/5/16,9.852,190,10.042
6/5/16,7.185,107,7.292
7/5/16,6.695,305,7.000
8/5/16,3.054,48,3.102
9/5/16,5.317,34,5.351
10/5/16,5.697,40,5.737
11/5/16,7.080,44,7.124
12/5/16,8.743,57,8.800
13/5/16,8.197,80,8.277
14/5/16,7.334,382,7.716
15/5/16,7.474,523,7.997
16/5/16,8.096,547,8.643
17/5/16,10.527,267,10.794
18/5/16,11.489,174,11.663
19/5/16,11.790,136,11.926
20/5/16,12.225,266,12.491
21/5/16,10.361,565,10.926
22/5/16,8.902,538,9.440
23/5/16,10.154,244,10.398
24/5/16,10.947,143,11.090
25/5/16,10.956,169,11.125
26/5/16,11.927,226,12.153
27/5/16,12.026,285,12.311
28/5/16,7.365,288,7.653
29/5/16,7.612,407,8.019
30/5/16,10.238,228,10.466
31/5/16,11.024,166,11.190
1/6/16,11.860,168,12.028
2/6/16,12.091,179,12.270
3/6/16,11.862,235,12.097
4/6/16,9.605,454,10.059
5/6/16,9.158,570,9.728
6/6/16,11.216,248,11.464
7/6/16,12.214,204,12.418
8/6/16,12.863,201,13.064
9/6/16,12.630,228,12.858
10/6/16,12.882,299,13.181
11/6/16,9.684,439,10.123
12/6/16,8.959,401,9.360
13/6/16,11.566,149,11.715
14/6/16,12.381,136,12.517
15/6/16,11.285,113,11.398
16/6/16,10.832,81,10.913
17/6/16,11.401,130,11.531
18/6/16,8.934,350,9.284
19/6/16,8.285,305,8.590
20/6/16,11.266,112,11.378
21/6/16,12.178,134,12.312
22/6/16,12.653,152,12.805
23/6/16,12.639,170,12.809
24/6/16,12.167,235,12.402
25/6/16,8.780,408,9.188
26/6/16,8.510,337,8.847
27/6/16,11.352,199,11.551
28/6/16,12.087,138,12.225
29/6/16,12.558,155,12.713
30/6/16,12.961,147,13.108
1/7/16,11.751,155,11.906
2/7/16,8.519,298,8.817
3/7/16,7.946,360,8.306
4/7/16,10.524,255,10.779
5/7/16,12.205,152,12.357
6/7/16,11.981,160,12.141
7/7/16,11.717,167,11.884
8/7/16,11.306,183,11.489
9/7/16,8.220,328,8.548
10/7/16,7.306,340,7.646
11/7/16,11.081,137,11.218
12/7/16,12.213,153,12.366
13/7/16,12.648,180,12.828
14/7/16,12.046,196,12.242
15/7/16,11.028,188,11.216
16/7/16,7.663,357,8.020
17/7/16,7.107,267,7.374
18/7/16,10.286,175,10.461
19/7/16,11.385,168,11.553
20/7/16,11.436,199,11.635
21/7/16,11.715,143,11.858
22/7/16,10.152,212,10.364
23/7/16,6.206,302,6.508
24/7/16,5.615,302,5.917
25/7/16,6.071,216,6.287
26/7/16,10.209,143,10.352
27/7/16,10.951,145,11.096
28/7/16,11.138,151,11.289
29/7/16,10.110,175,10.285
30/7/16,7.009,195,7.204
31/7/16,6.726,296,7.022
1/8/16,8.628,187,8.815
2/8/16,8.900,185,9.085
3/8/16,9.396,204,9.600
4/8/16,9.293,176,9.469
5/8/16,8.371,191,8.562
6/8/16,5.758,258,6.016
7/8/16,5.413,263,5.676
8/8/16,7.363,205,7.568
9/8/16,7.729,168,7.897
10/8/16,7.980,176,8.156
11/8/16,7.932,242,8.174
12/8/16,6.982,274,7.256
13/8/16,5.006,313,5.319
14/8/16,4.671,447,5.118
15/8/16,4.916,352,5.268
16/8/16,7.307,249,7.556
17/8/16,7.701,222,7.923
18/8/16,7.991,248,8.239
19/8/16,7.511,232,7.743
20/8/16,5.738,317,6.055
21/8/16,5.577,347,5.924
22/8/16,8.095,176,8.271
23/8/16,8.495,208,8.703
24/8/16,9.040,189,9.229
25/8/16,9.013,266,9.279
26/8/16,8.348,201,8.549
27/8/16,6.998,335,7.333
28/8/16,6.451,325,6.776
29/8/16,9.176,143,9.319
30/8/16,10.113,102,10.215
31/8/16,10.646,143,10.789
1/9/16,10.919,103,11.022
2/9/16,10.929,133,11.062
3/9/16,8.301,301,8.602
4/9/16,7.925,328,8.253
5/9/16,10.470,123,10.593
6/9/16,10.927,115,11.042
7/9/16,11.193,80,11.273
8/9/16,11.283,125,11.408
9/9/16,10.819,143,10.962
10/9/16,7.990,322,8.312
11/9/16,7.576,255,7.831
12/9/16,9.565,138,9.703
13/9/16,8.067,70,8.137
14/9/16,9.261,121,9.382
15/9/16,9.846,115,9.961
16/9/16,9.495,151,9.646
17/9/16,7.241,225,7.466
18/9/16,6.623,300,6.923
19/9/16,7.953,103,8.056
20/9/16,8.762,79,8.841
21/9/16,8.862,67,8.929
22/9/16,9.039,94,9.133
23/9/16,8.378,97,8.475
24/9/16,6.482,256,6.738
25/9/16,5.751,251,6.002
26/9/16,6.247,96,6.343
27/9/16,7.728,64,7.792
28/9/16,8.299,67,8.366
29/9/16,8.452,80,8.532
30/9/16,8.666,129,8.795
1/10/16,7.097,278,7.375
2/10/16,6.789,364,7.153
3/10/16,7.955,92,8.047
4/10/16,8.608,76,8.684
5/10/16,8.796,51,8.847
6/10/16,9.093,87,9.180
7/10/16,8.688,154,8.842
8/10/16,6.889,348,7.237
9/10/16,6.079,336,6.415
10/10/16,7.277,110,7.387
11/10/16,8.050,82,8.132
12/10/16,2.759,22,2.781
13/10/16,4.491,35,4.526
14/10/16,6.151,49,6.200
15/10/16,5.162,144,5.306
16/10/16,4.381,180,4.561
17/10/16,5.113,70,5.183
18/10/16,6.263,44,6.307
19/10/16,4.292,17,4.309
20/10/16,3.888,14,3.902
21/10/16,5.610,68,5.678
22/10/16,2.604,43,2.647
23/10/16,1.917,36,1.953
24/10/16,3.811,32,3.843
25/10/16,5.060,36,5.096
26/10/16,5.920,60,5.980
27/10/16,5.986,73,6.059
28/10/16,5.541,62,5.603
29/10/16,4.389,186,4.575
30/10/16,3.617,255,3.872
31/10/16,4.701,117,4.818
1/11/16,4.235,168,4.403
2/11/16,5.645,46,5.691
3/11/16,6.153,58,6.211
4/11/16,2.947,18,2.965
5/11/16,2.166,19,2.185
6/11/16,3.682,122,3.804
7/11/16,4.564,56,4.620
8/11/16,5.525,45,5.570
9/11/16,4.031,61,4.092
10/11/16,5.555,50,5.605
11/11/16,5.773,67,5.840
12/11/16,4.465,121,4.586
13/11/16,4.276,144,4.420
14/11/16,5.138,35,5.173
15/11/16,5.148,57,5.205
16/11/16,5.450,40,5.490
17/11/16,5.774,39,5.813
18/11/16,5.858,67,5.925
19/11/16,4.556,183,4.739
20/11/16,1.502,22,1.524
21/11/16,4.146,25,4.171
22/11/16,4.850,12,4.862
23/11/16,4.312,12,4.324
24/11/16,5.213,26,5.239
25/11/16,2.759,8,2.767
26/11/16,1.782,9,1.791
27/11/16,1.802,18,1.820
28/11/16,5.310,62,5.372
29/11/16,5.299,27,5.326
30/11/16,5.987,39,6.026
1/12/16,6.249,23,6.272
2/12/16,6.511,45,6.556
3/12/16,4.623,173,4.796
4/12/16,1.937,26,1.963
5/12/16,5.256,67,5.323
6/12/16,4.903,191,5.094
7/12/16,5.971,61,6.032
8/12/16,4.449,117,4.566
9/12/16,5.341,82,5.423
10/12/16,4.806,206,5.012
11/12/16,4.386,134,4.520
12/12/16,5.650,30,5.680
13/12/16,5.799,25,5.824
14/12/16,5.191,15,5.206
15/12/16,4.259,15,4.274
16/12/16,4.169,14,4.183
17/12/16,5.660,117,5.777
18/12/16,4.624,111,4.735
19/12/16,5.723,54,5.777
20/12/16,6.158,50,6.208
21/12/16,6.711,67,6.778
22/12/16,6.676,46,6.722
23/12/16,5.949,102,6.051
24/12/16,3.265,87,3.352
25/12/16,1.911,116,2.027
26/12/16,2.996,131,3.127
27/12/16,4.799,160,4.959
28/12/16,5.185,247,5.432
29/12/16,5.561,211,5.772
30/12/16,4.972,208,5.180
31/12/16,2.696,103,2.799
1/1/17,1.767,133,1.900
2/1/17,3.297,116,3.413
3/1/17,4.507,156,4.663
4/1/17,5.214,162,5.376
5/1/17,5.077,118,5.195
6/1/17,2.934,161,3.095
7/1/17,4.030,111,4.141
8/1/17,3.760,97,3.857
9/1/17,5.686,76,5.762
10/1/17,6.221,55,6.276
11/1/17,6.974,54,7.028
12/1/17,6.788,77,6.865
13/1/17,6.743,105,6.848
14/1/17,5.080,149,5.229
15/1/17,4.234,139,4.373
16/1/17,6.036,54,6.090
17/1/17,5.961,34,5.995
18/1/17,5.328,47,5.375
19/1/17,5.084,55,5.139
20/1/17,5.243,55,5.298
21/1/17,4.548,119,4.667
22/1/17,4.003,96,4.099
23/1/17,5.768,35,5.803
24/1/17,6.515,25,6.540
25/1/17,6.435,37,6.472
26/1/17,6.187,17,6.204
27/1/17,4.038,10,4.048
28/1/17,4.479,141,4.620
29/1/17,2.874,52,2.926
30/1/17,5.438,67,5.505
31/1/17,6.756,45,6.801
1/2/17,6.245,53,6.298
2/2/17,5.170,39,5.209
3/2/17,5.573,49,5.622
4/2/17,4.093,74,4.167
5/2/17,3.967,97,4.064
6/2/17,6.602,49,6.651
7/2/17,6.097,20,6.117
8/2/17,7.163,19,7.182
9/2/17,7.020,42,7.062
10/2/17,4.641,18,4.659
11/2/17,2.477,27,2.504
12/2/17,1.929,14,1.943
13/2/17,5.536,36,5.572
14/2/17,6.990,82,7.072
15/2/17,7.583,93,7.676
16/2/17,7.515,107,7.622
17/2/17,7.240,141,7.381
18/2/17,5.624,222,5.846
19/2/17,5.006,326,5.332
20/2/17,7.069,105,7.174
21/2/17,7.568,120,7.688
22/2/17,8.019,97,8.116
23/2/17,7.093,99,7.192
24/2/17,8.240,144,8.384
25/2/17,6.264,397,6.661
26/2/17,5.421,328,5.749
27/2/17,7.052,174,7.226
28/2/17,7.552,100,7.652
1/3/17,8.361,81,8.442
2/3/17,8.320,114,8.434
3/3/17,5.411,47,5.458
4/3/17,5.072,159,5.231
5/3/17,4.633,164,4.797
6/3/17,7.913,48,7.961
7/3/17,8.776,79,8.855
8/3/17,9.521,101,9.622
9/3/17,9.760,107,9.867
10/3/17,9.826,206,10.032
11/3/17,7.473,437,7.910
12/3/17,6.152,376,6.528
13/3/17,7.128,95,7.223
14/3/17,8.414,83,8.497
15/3/17,9.387,124,9.511
16/3/17,9.654,128,9.782
17/3/17,8.362,147,8.509
18/3/17,5.929,444,6.373
19/3/17,5.390,491,5.881
20/3/17,5.861,419,6.280
21/3/17,8.200,116,8.316
22/3/17,6.181,30,6.211
23/3/17,5.235,29,5.264
24/3/17,5.633,57,5.690
25/3/17,4.698,148,4.846
26/3/17,4.646,166,4.812
27/3/17,6.577,104,6.681
28/3/17,8.513,92,8.605
29/3/17,9.173,112,9.285
30/3/17,9.459,136,9.595
31/3/17,9.382,141,9.523
1/4/17,6.999,379,7.378
2/4/17,6.737,336,7.073
3/4/17,8.290,160,8.450
4/4/17,9.173,128,9.301
5/4/17,8.953,112,9.065
6/4/17,9.001,110,9.111
7/4/17,8.972,154,9.126
8/4/17,6.919,364,7.283
9/4/17,6.272,452,6.724
10/4/17,7.576,277,7.853
11/4/17,7.694,289,7.983
12/4/17,6.985,298,7.283
13/4/17,4.233,368,4.601
14/4/17,4.056,427,4.483
15/4/17,4.300,602,4.902
16/4/17,4.757,564,5.321
17/4/17,8.567,382,8.949
18/4/17,9.908,213,10.121
19/4/17,9.269,161,9.430
20/4/17,8.928,155,9.083
21/4/17,9.973,206,10.179
22/4/17,7.539,415,7.954
23/4/17,8.660,583,9.243
24/4/17,9.476,274,9.750
25/4/17,9.410,123,9.533
26/4/17,9.664,91,9.755
27/4/17,8.761,61,8.822
28/4/17,8.217,124,8.341
29/4/17,3.229,115,3.344
30/4/17,3.278,144,3.422
1/5/17,4.831,393,5.224
2/5/17,6.477,293,6.770
3/5/17,9.878,132,10.010
4/5/17,10.442,91,10.533
5/5/17,9.076,103,9.179
6/5/17,7.831,389,8.220
7/5/17,8.158,423,8.581
8/5/17,10.266,185,10.451
9/5/17,10.925,206,11.131
10/5/17,10.571,124,10.695
11/5/17,7.074,54,7.128
12/5/17,7.119,61,7.180
13/5/17,7.036,323,7.359
14/5/17,7.447,509,7.956
15/5/17,7.761,448,8.209
16/5/17,10.710,181,10.891
17/5/17,11.183,141,11.324
18/5/17,10.534,159,10.693
19/5/17,11.251,210,11.461
20/5/17,9.100,434,9.534
21/5/17,7.967,402,8.369
22/5/17,11.221,210,11.431
23/5/17,11.643,228,11.871
24/5/17,12.265,210,12.475
25/5/17,12.466,281,12.747
26/5/17,12.293,300,12.593
27/5/17,10.032,586,10.618
28/5/17,8.820,678,9.498
29/5/17,11.405,235,11.640
30/5/17,12.445,178,12.623
31/5/17,12.795,185,12.980
1/6/17,13.450,132,13.582
2/6/17,12.453,198,12.651
3/6/17,9.006,377,9.383
4/6/17,9.061,270,9.331
5/6/17,11.299,182,11.481
6/6/17,12.320,176,12.496
7/6/17,12.873,190,13.063
8/6/17,13.128,211,13.339
9/6/17,12.915,232,13.147
10/6/17,9.813,402,10.215
11/6/17,9.001,407,9.408
12/6/17,11.676,226,11.902
13/6/17,12.425,160,12.585
14/6/17,13.021,115,13.136
15/6/17,12.870,126,12.996
16/6/17,12.229,159,12.388
17/6/17,8.785,285,9.070
18/6/17,7.718,205,7.923
19/6/17,12.197,140,12.337
20/6/17,12.409,129,12.538
21/6/17,13.700,180,13.880
22/6/17,13.718,192,13.910
23/6/17,12.616,178,12.794
24/6/17,8.943,351,9.294
25/6/17,7.153,317,7.470
26/6/17,11.538,162,11.700
27/6/17,12.991,183,13.174
28/6/17,13.018,186,13.204
29/6/17,12.721,145,12.866
30/6/17,11.515,185,11.700
1/7/17,8.144,266,8.410
2/7/17,7.340,305,7.645
3/7/17,11.905,256,12.161
4/7/17,12.701,214,12.915
5/7/17,13.090,265,13.355
6/7/17,6.135,69,6.204
7/7/17,7.721,101,7.822
8/7/17,7.588,315,7.903
9/7/17,7.862,468,8.330
10/7/17,11.684,289,11.973
11/7/17,12.355,169,12.524
12/7/17,12.603,162,12.765
13/7/17,12.358,188,12.546
14/7/17,11.208,186,11.394
15/7/17,7.354,226,7.580
16/7/17,7.256,307,7.563
17/7/17,11.127,193,11.320
18/7/17,11.844,167,12.011
19/7/17,12.203,179,12.382
20/7/17,12.439,177,12.616
21/7/17,11.433,193,11.626
22/7/17,7.682,378,8.060
23/7/17,6.796,285,7.081
24/7/17,10.956,136,11.092
25/7/17,11.613,204,11.817
26/7/17,12.065,137,12.202
27/7/17,12.414,204,12.618
28/7/17,11.344,219,11.563
29/7/17,7.169,281,7.450
30/7/17,6.490,293,6.783
31/7/17,9.759,258,10.017
1/8/17,9.935,177,10.112
2/8/17,10.519,190,10.709
3/8/17,10.228,199,10.427
4/8/17,9.207,210,9.417
5/8/17,6.235,223,6.458
6/8/17,5.801,297,6.098
7/8/17,8.553,193,8.746
8/8/17,8.844,262,9.106
9/8/17,8.764,216,8.980
10/8/17,8.440,197,8.637
11/8/17,7.573,272,7.845
12/8/17,5.341,333,5.674
13/8/17,4.973,462,5.435
14/8/17,6.536,316,6.852
15/8/17,5.781,316,6.097
16/8/17,8.001,292,8.293
17/8/17,8.472,277,8.749
18/8/17,7.692,222,7.914
19/8/17,5.766,328,6.094
20/8/17,5.657,337,5.994
21/8/17,8.469,241,8.710
22/8/17,9.130,187,9.317
23/8/17,9.430,212,9.642
24/8/17,9.699,219,9.918
25/8/17,9.107,237,9.344
26/8/17,6.860,373,7.233
27/8/17,6.348,349,6.697
28/8/17,5.877,88,5.965
29/8/17,10.215,235,10.450
30/8/17,11.224,161,11.385
31/8/17,12.064,154,12.218
1/9/17,12.042,179,12.221
2/9/17,8.727,446,9.173
3/9/17,8.863,449,9.312
4/9/17,12.386,261,12.647
5/9/17,13.437,212,13.649
6/9/17,14.052,232,14.284
7/9/17,14.092,257,14.349
8/9/17,13.481,325,13.806
9/9/17,9.634,341,9.975
10/9/17,8.958,427,9.385
11/9/17,12.666,213,12.879
12/9/17,13.674,166,13.840
13/9/17,14.269,224,14.493
14/9/17,14.288,196,14.484
15/9/17,13.109,200,13.309
16/9/17,9.434,386,9.820
17/9/17,9.218,419,9.637
18/9/17,12.353,156,12.509
19/9/17,13.438,153,13.591
20/9/17,14.130,198,14.328
21/9/17,14.023,170,14.193
22/9/17,13.325,305,13.630
23/9/17,10.329,495,10.824
24/9/17,9.904,499,10.403
25/9/17,12.789,181,12.970
26/9/17,13.612,209,13.821
27/9/17,13.872,186,14.058
28/9/17,14.228,212,14.440
29/9/17,14.456,258,14.714
30/9/17,11.151,474,11.625
1/10/17,10.292,590,10.882
2/10/17,13.105,204,13.309
3/10/17,14.255,241,14.496
4/10/17,14.475,156,14.631
5/10/17,15.045,263,15.308
6/10/17,14.564,239,14.803
7/10/17,11.344,416,11.760
8/10/17,10.601,497,11.098
9/10/17,13.187,251,13.438
10/10/17,13.659,140,13.799
11/10/17,14.068,158,14.226
12/10/17,10.099,396,10.495
13/10/17,11.313,365,11.678
14/10/17,9.223,587,9.810
15/10/17,9.250,481,9.731
16/10/17,12.838,208,13.046
17/10/17,11.316,142,11.458
18/10/17,6.339,38,6.377
19/10/17,12.291,139,12.430
20/10/17,13.327,149,13.476
21/10/17,10.759,363,11.122
22/10/17,10.423,459,10.882
23/10/17,12.132,221,12.353
24/10/17,13.290,149,13.439
25/10/17,13.836,136,13.972
26/10/17,14.274,186,14.460
27/10/17,14.110,269,14.379
28/10/17,10.861,563,11.424
29/10/17,8.972,517,9.489
30/10/17,12.392,269,12.661
31/10/17,13.423,233,13.656
1/11/17,10.173,394,10.567
2/11/17,12.647,205,12.852
3/11/17,12.893,307,13.200
4/11/17,8.413,362,8.775
5/11/17,8.461,395,8.856
6/11/17,10.804,94,10.898
7/11/17,11.833,96,11.929
8/11/17,11.621,59,11.680
9/11/17,7.292,138,7.430
10/11/17,10.143,135,10.278
11/11/17,8.418,345,8.763
12/11/17,7.851,412,8.263
13/11/17,10.354,120,10.474
14/11/17,11.097,65,11.162
15/11/17,11.291,63,11.354
16/11/17,11.854,81,11.935
17/11/17,11.847,176,12.023
18/11/17,9.591,325,9.916
19/11/17,8.223,411,8.634
20/11/17,10.885,149,11.034
21/11/17,11.648,86,11.734
22/11/17,11.784,89,11.873
23/11/17,12.160,75,12.235
24/11/17,12.325,120,12.445
25/11/17,9.162,313,9.475
26/11/17,7.474,265,7.739
27/11/17,9.687,51,9.738
28/11/17,6.813,23,6.836
29/11/17,10.586,36,10.622
30/11/17,10.237,77,10.314
1/12/17,9.630,37,9.667
2/12/17,6.680,135,6.815
3/12/17,6.061,170,6.231
4/12/17,8.734,50,8.784
5/12/17,9.279,57,9.336
6/12/17,5.988,154,6.142
7/12/17,7.060,182,7.242
8/12/17,5.116,205,5.321
9/12/17,5.857,287,6.144
10/12/17,4.537,185,4.722
11/12/17,7.576,23,7.599
12/12/17,9.280,35,9.315
13/12/17,9.420,19,9.439
14/12/17,9.825,62,9.887
15/12/17,10.289,82,10.371
16/12/17,8.165,131,8.296
17/12/17,6.942,151,7.093
18/12/17,9.140,50,9.190
19/12/17,10.232,55,10.287
20/12/17,10.391,33,10.424
21/12/17,10.372,94,10.466
22/12/17,9.901,164,10.065
23/12/17,6.604,188,6.792
24/12/17,4.198,181,4.379
25/12/17,2.347,58,2.405
26/12/17,5.003,69,5.072
27/12/17,6.049,161,6.210
28/12/17,6.951,195,7.146
29/12/17,7.423,249,7.672
30/12/17,5.891,323,6.214
31/12/17,3.889,245,4.134
1/1/18,3.454,315,3.769
2/1/18,6.414,235,6.649
3/1/18,7.690,200,7.890
4/1/18,8.282,183,8.465
5/1/18,5.872,75,5.947
6/1/18,1.379,14,1.393
7/1/18,2.414,7,2.421
8/1/18,7.802,41,7.843
9/1/18,5.915,9,5.924
10/1/18,7.045,11,7.056
11/1/18,8.765,39,8.804
12/1/18,9.262,41,9.303
13/1/18,4.311,31,4.342
14/1/18,5.375,82,5.457
15/1/18,8.130,49,8.179
16/1/18,9.315,61,9.376
17/1/18,9.698,42,9.740
18/1/18,10.004,101,10.105
19/1/18,10.226,117,10.343
20/1/18,7.471,245,7.716
21/1/18,7.460,242,7.702
22/1/18,9.511,63,9.574
23/1/18,10.212,88,10.300
24/1/18,10.689,46,10.735
25/1/18,6.790,17,6.807
26/1/18,9.192,67,9.259
27/1/18,6.681,175,6.856
28/1/18,6.069,195,6.264
29/1/18,9.164,76,9.240
30/1/18,9.785,65,9.850
31/1/18,10.190,89,10.279
1/2/18,9.070,62,9.132
2/2/18,8.789,47,8.836
3/2/18,6.586,177,6.763
4/2/18,2.152,23,2.175
5/2/18,2.895,7,2.902
6/2/18,7.745,40,7.785
7/2/18,8.023,30,8.053
8/2/18,8.278,49,8.327
9/2/18,8.485,70,8.555
10/2/18,6.220,216,6.436
11/2/18,6.115,217,6.332
12/2/18,8.168,83,8.251
13/2/18,8.476,62,8.538
14/2/18,9.320,70,9.390
15/2/18,9.205,123,9.328
16/2/18,9.515,162,9.677
17/2/18,7.232,284,7.516
18/2/18,6.686,339,7.025
19/2/18,9.048,66,9.114
20/2/18,9.924,79,10.003
21/2/18,9.326,92,9.418
22/2/18,9.370,50,9.420
23/2/18,9.452,115,9.567
24/2/18,6.940,273,7.213
25/2/18,6.608,294,6.902
26/2/18,9.235,87,9.322
27/2/18,4.627,13,4.640
28/2/18,3.615,13,3.628
1/3/18,3.254,5,3.259
2/3/18,3.615,8,3.623
3/3/18,4.580,106,4.686
4/3/18,5.280,134,5.414
5/3/18,6.159,42,6.201
6/3/18,7.641,47,7.688
7/3/18,9.573,70,9.643
8/3/18,9.520,63,9.583
9/3/18,4.818,12,4.830
10/3/18,3.858,76,3.934
11/3/18,4.509,60,4.569
12/3/18,8.478,92,8.570
13/3/18,9.267,75,9.342
14/3/18,3.219,27,3.246
15/3/18,8.998,77,9.075
16/3/18,7.844,139,7.983
17/3/18,5.016,162,5.178
18/3/18,6.187,235,6.422
19/3/18,5.829,35,5.864
20/3/18,8.030,48,8.078
21/3/18,8.763,50,8.813
22/3/18,9.451,79,9.530
23/3/18,7.071,54,7.125
24/3/18,4.894,131,5.025
25/3/18,5.075,204,5.279
26/3/18,7.357,181,7.538
27/3/18,7.985,202,8.187
28/3/18,7.263,214,7.477
29/3/18,4.036,220,4.256
30/3/18,2.976,268,3.244
31/3/18,3.664,285,3.949
1/4/18,4.772,510,5.282
2/4/18,8.853,301,9.154
3/4/18,9.293,98,9.391
4/4/18,9.794,96,9.890
5/4/18,10.976,138,11.114
6/4/18,8.253,156,8.409
7/4/18,5.237,81,5.318
8/4/18,7.248,294,7.542
9/4/18,6.908,28,6.936
10/4/18,3.063,6,3.069
11/4/18,8.612,67,8.679
12/4/18,7.075,53,7.128
13/4/18,8.595,80,8.675
14/4/18,7.668,330,7.998
15/4/18,7.296,300,7.596
16/4/18,9.844,116,9.960
17/4/18,11.402,168,11.570
18/4/18,12.504,191,12.695
19/4/18,12.561,139,12.700
20/4/18,12.150,177,12.327
21/4/18,8.705,419,9.124
22/4/18,9.094,336,9.430
23/4/18,11.377,221,11.598
24/4/18,12.846,183,13.029
25/4/18,13.592,160,13.752
26/4/18,13.392,171,13.563
27/4/18,12.330,291,12.621
28/4/18,6.987,453,7.440
29/4/18,3.707,150,3.857
30/4/18,5.555,199,5.754
1/5/18,5.669,418,6.087
2/5/18,6.903,236,7.139
3/5/18,10.814,211,11.025
4/5/18,11.629,223,11.852
5/5/18,9.114,463,9.577
6/5/18,8.495,478,8.973
7/5/18,10.334,234,10.568
8/5/18,11.623,268,11.891
9/5/18,13.001,234,13.235
10/5/18,13.412,335,13.747
11/5/18,12.759,350,13.109
12/5/18,8.385,438,8.823
13/5/18,7.476,469,7.945
14/5/18,10.559,204,10.763
15/5/18,9.242,298,9.540
16/5/18,12.792,194,12.986
17/5/18,13.369,196,13.565
18/5/18,11.814,190,12.004
19/5/18,9.498,491,9.989
20/5/18,8.873,508,9.381
21/5/18,11.606,292,11.898
22/5/18,12.127,163,12.290
23/5/18,12.693,136,12.829
24/5/18,13.149,184,13.333
25/5/18,7.978,94,8.072
26/5/18,9.442,417,9.859
27/5/18,9.893,390,10.283
28/5/18,6.334,96,6.430
29/5/18,9.451,96,9.547
30/5/18,11.388,123,11.511
31/5/18,13.144,174,13.318
1/6/18,13.170,213,13.383
2/6/18,7.235,401,7.636
3/6/18,9.155,392,9.547
4/6/18,12.074,201,12.275
5/6/18,12.523,110,12.633
6/6/18,11.129,71,11.200
7/6/18,13.616,202,13.818
8/6/18,7.925,86,8.011
9/6/18,8.789,394,9.183
10/6/18,7.918,330,8.248
11/6/18,11.570,175,11.745
12/6/18,12.879,162,13.041
13/6/18,13.547,188,13.735
14/6/18,13.361,172,13.533
15/6/18,13.163,204,13.367
16/6/18,9.464,331,9.795
17/6/18,8.600,367,8.967
18/6/18,12.578,192,12.770
19/6/18,13.815,145,13.960
20/6/18,14.346,164,14.510
21/6/18,14.469,173,14.642
22/6/18,13.591,227,13.818
23/6/18,9.211,429,9.640
24/6/18,8.522,323,8.845
25/6/18,13.283,216,13.499
26/6/18,13.807,173,13.980
27/6/18,14.537,204,14.741
28/6/18,14.561,206,14.767
29/6/18,13.491,257,13.748
30/6/18,9.171,298,9.469
1/7/18,8.537,297,8.834
2/7/18,12.802,150,12.952
3/7/18,13.935,141,14.076
4/7/18,13.865,162,14.027
5/7/18,13.755,154,13.909
6/7/18,12.452,189,12.641
7/7/18,8.316,303,8.619
8/7/18,7.676,348,8.024
9/7/18,12.415,257,12.672
10/7/18,13.472,188,13.660
11/7/18,13.514,195,13.709
12/7/18,13.578,193,13.771
13/7/18,12.271,265,12.536
14/7/18,8.015,364,8.379
15/7/18,7.664,366,8.030
16/7/18,11.787,176,11.963
17/7/18,12.966,214,13.180
18/7/18,13.516,224,13.740
19/7/18,13.442,184,13.626
20/7/18,12.069,192,12.261
21/7/18,7.807,338,8.145
22/7/18,7.009,440,7.449
23/7/18,11.607,238,11.845
24/7/18,12.377,197,12.574
25/7/18,12.501,173,12.674
26/7/18,12.465,190,12.655
27/7/18,11.318,248,11.566
28/7/18,7.855,371,8.226
29/7/18,7.627,379,8.006
30/7/18,11.655,217,11.872
31/7/18,12.410,287,12.697
1/8/18,12.219,272,12.491
2/8/18,11.526,202,11.728
3/8/18,10.073,131,10.204
4/8/18,6.486,277,6.763
5/8/18,6.272,322,6.594
6/8/18,9.058,208,9.266
7/8/18,10.023,133,10.156
8/8/18,10.016,242,10.258
9/8/18,10.077,245,10.322
10/8/18,8.756,252,9.008
11/8/18,6.099,380,6.479
12/8/18,5.868,398,6.266
13/8/18,8.281,281,8.562
14/8/18,8.895,268,9.163
15/8/18,6.763,308,7.071
16/8/18,8.754,230,8.984
17/8/18,7.983,194,8.177
18/8/18,5.854,263,6.117
19/8/18,5.885,430,6.315
20/8/18,9.293,237,9.530
21/8/18,9.915,213,10.128
22/8/18,10.570,151,10.721
23/8/18,10.814,178,10.992
24/8/18,10.008,231,10.239
25/8/18,7.163,351,7.514
26/8/18,6.969,375,7.344
27/8/18,11.099,253,11.352
28/8/18,12.003,278,12.281
29/8/18,12.579,255,12.834
30/8/18,12.835,245,13.080
31/8/18,12.490,164,12.654
1/9/18,9.428,286,9.714
2/9/18,8.969,357,9.326
3/9/18,13.418,181,13.599
4/9/18,14.743,183,14.926
5/9/18,14.995,151,15.146
6/9/18,15.332,147,15.479
7/9/18,13.467,175,13.642
8/9/18,8.424,194,8.618
9/9/18,9.783,520,10.303
10/9/18,14.448,218,14.666
11/9/18,15.522,160,15.682
12/9/18,16.127,149,16.276
13/9/18,16.189,196,16.385
14/9/18,15.739,257,15.996
15/9/18,11.122,403,11.525
16/9/18,10.693,449,11.142
17/9/18,14.317,208,14.525
18/9/18,15.150,120,15.270
19/9/18,16.314,140,16.454
20/9/18,16.530,203,16.733
21/9/18,15.601,205,15.806
22/9/18,11.423,399,11.822
23/9/18,11.100,441,11.541
24/9/18,14.572,201,14.773
25/9/18,15.672,161,15.833
26/9/18,15.131,145,15.276
27/9/18,16.025,167,16.192
28/9/18,15.532,192,15.724
29/9/18,11.742,401,12.143
30/9/18,10.948,415,11.363
1/10/18,14.117,284,14.401
2/10/18,14.889,135,15.024
3/10/18,15.777,143,15.920
4/10/18,15.601,148,15.749
5/10/18,15.107,192,15.299
6/10/18,11.792,368,12.160
7/10/18,9.864,348,10.212
8/10/18,13.327,119,13.446
9/10/18,11.609,85,11.694
10/10/18,12.457,47,12.504
11/10/18,11.747,57,11.804
12/10/18,7.850,191,8.041
13/10/18,8.993,393,9.386
14/10/18,6.887,199,7.086
15/10/18,10.699,63,10.762
16/10/18,13.630,80,13.710
17/10/18,14.430,98,14.528
18/10/18,12.791,102,12.893
19/10/18,7.216,68,7.284
20/10/18,8.357,248,8.605
21/10/18,8.955,242,9.197
22/10/18,13.226,127,13.353
23/10/18,14.082,136,14.218
24/10/18,14.240,102,14.342
25/10/18,14.619,150,14.769
26/10/18,11.387,126,11.513
27/10/18,6.619,81,6.700
28/10/18,6.796,161,6.957
29/10/18,10.217,64,10.281
30/10/18,5.125,8,5.133
31/10/18,10.451,40,10.491
1/11/18,7.812,225,8.037
2/11/18,9.847,253,10.100
3/11/18,8.019,252,8.271
4/11/18,7.271,247,7.518
5/11/18,6.402,33,6.435
6/11/18,10.699,79,10.778
7/11/18,7.897,27,7.924
8/11/18,8.733,24,8.757
9/11/18,6.992,109,7.101
10/11/18,6.285,109,6.394
11/11/18,6.781,189,6.970
12/11/18,9.717,20,9.737
13/11/18,12.300,82,12.382
14/11/18,12.163,71,12.234
15/11/18,11.935,48,11.983
16/11/18,11.106,97,11.203
17/11/18,9.448,311,9.759
18/11/18,5.322,103,5.425
19/11/18,9.876,68,9.944
20/11/18,9.105,27,9.132
21/11/18,10.042,29,10.071
22/11/18,11.237,20,11.257
23/11/18,10.834,79,10.913
24/11/18,7.634,168,7.802
25/11/18,6.042,131,6.173
26/11/18,9.877,61,9.938
27/11/18,10.955,41,10.996
28/11/18,10.988,31,11.019
29/11/18,10.565,40,10.605
30/11/18,10.880,59,10.939
1/12/18,8.488,184,8.672
2/12/18,6.940,107,7.047
3/12/18,9.441,41,9.482
4/12/18,11.224,44,11.268
5/12/18,11.523,46,11.569
6/12/18,7.409,120,7.529
7/12/18,8.305,139,8.444
8/12/18,6.798,305,7.103
9/12/18,7.009,251,7.260
10/12/18,10.267,90,10.357
11/12/18,11.084,86,11.170
12/12/18,11.089,83,11.172
13/12/18,7.909,19,7.928
14/12/18,10.968,56,11.024
15/12/18,8.427,102,8.529
16/12/18,6.816,85,6.901
17/12/18,10.159,62,10.221
18/12/18,10.126,56,10.182
19/12/18,10.440,82,10.522
20/12/18,11.022,47,11.069
21/12/18,10.063,69,10.132
22/12/18,6.521,63,6.584
23/12/18,5.046,132,5.178
24/12/18,4.364,96,4.460
25/12/18,2.873,152,3.025
26/12/18,6.497,124,6.621
27/12/18,7.282,151,7.433
28/12/18,7.387,256,7.643
29/12/18,5.584,250,5.834
30/12/18,5.114,301,5.415
31/12/18,4.718,283,5.001
1/1/19,3.516,345,3.861
2/1/19,6.395,166,6.561
3/1/19,7.480,146,7.626
4/1/19,7.787,157,7.944
5/1/19,6.256,109,6.365
6/1/19,4.747,114,4.861
7/1/19,5.493,101,5.594
8/1/19,9.411,54,9.465
9/1/19,10.072,42,10.114
10/1/19,9.764,41,9.805
11/1/19,9.413,51,9.464
12/1/19,7.008,134,7.142
13/1/19,6.174,131,6.305
14/1/19,9.368,44,9.412
15/1/19,10.130,44,10.174
16/1/19,10.211,40,10.251
17/1/19,9.690,20,9.710
18/1/19,9.313,51,9.364
19/1/19,4.462,37,4.499
20/1/19,5.421,95,5.516
21/1/19,9.200,40,9.240
22/1/19,8.463,33,8.496
23/1/19,9.716,46,9.762
24/1/19,11.077,53,11.130
25/1/19,11.473,86,11.559
26/1/19,8.395,204,8.599
27/1/19,7.235,200,7.435
28/1/19,10.032,64,10.096
29/1/19,10.187,41,10.228
30/1/19,9.085,25,9.110
31/1/19,9.622,41,9.663
1/2/19,8.478,63,8.541
2/2/19,6.967,141,7.108
3/2/19,6.718,205,6.923
4/2/19,9.621,53,9.674
5/2/19,10.834,70,10.904
6/2/19,10.987,69,11.056
7/2/19,11.180,122,11.302
8/2/19,11.044,108,11.152
9/2/19,7.766,219,7.985
10/2/19,6.383,174,6.557
11/2/19,10.205,124,10.329
12/2/19,11.037,74,11.111
13/2/19,11.401,63,11.464
14/2/19,11.540,70,11.610
15/2/19,11.201,172,11.373
16/2/19,8.272,321,8.593
17/2/19,7.433,260,7.693
18/2/19,10.275,98,10.373
19/2/19,11.389,94,11.483
20/2/19,11.375,125,11.500
21/2/19,11.759,113,11.872
22/2/19,11.708,131,11.839
23/2/19,8.183,305,8.488
24/2/19,7.677,306,7.983
25/2/19,10.859,133,10.992
26/2/19,12.013,93,12.106
27/2/19,12.144,92,12.236
28/2/19,12.247,174,12.421
1/3/19,11.960,160,12.120
2/3/19,8.729,343,9.072
3/3/19,7.441,382,7.823
4/3/19,10.185,168,10.353
5/3/19,11.558,140,11.698
6/3/19,8.264,33,8.297
7/3/19,11.273,41,11.314
8/3/19,12.050,93,12.143
9/3/19,8.538,272,8.810
10/3/19,8.361,331,8.692
11/3/19,11.603,139,11.742
12/3/19,12.468,82,12.550
13/3/19,12.115,68,12.183
14/3/19,12.469,36,12.505
15/3/19,12.642,127,12.769
16/3/19,9.305,303,9.608
17/3/19,8.264,317,8.581
18/3/19,10.701,91,10.792
19/3/19,11.491,64,11.555
20/3/19,12.079,43,12.122
21/3/19,12.284,102,12.386
22/3/19,12.361,124,12.485
23/3/19,8.807,348,9.155
24/3/19,8.421,289,8.710
25/3/19,11.643,101,11.744
26/3/19,12.383,62,12.445
27/3/19,12.579,48,12.627
28/3/19,12.736,66,12.802
29/3/19,12.202,136,12.338
30/3/19,8.832,303,9.135
31/3/19,6.038,109,6.147
1/4/19,10.889,77,10.966
2/4/19,11.884,78,11.962
3/4/19,12.067,73,12.140
4/4/19,12.149,64,12.213
5/4/19,7.394,45,7.439
6/4/19,6.157,81,6.238
7/4/19,5.658,133,5.791
8/4/19,8.671,67,8.738
9/4/19,9.828,42,9.870
10/4/19,11.477,60,11.537
11/4/19,11.988,39,12.027
12/4/19,11.997,90,12.087
13/4/19,8.517,253,8.770
14/4/19,7.717,334,8.051
15/4/19,9.422,215,9.637
16/4/19,9.803,205,10.008
17/4/19,8.110,197,8.307
18/4/19,1.881,20,1.901
19/4/19,2.125,47,2.172
20/4/19,4.300,266,4.566
21/4/19,4.679,151,4.830
22/4/19,9.985,127,10.112
23/4/19,8.378,41,8.419
24/4/19,3.130,4,3.134
25/4/19,10.511,58,10.569
26/4/19,12.236,140,12.376
27/4/19,10.038,357,10.395
28/4/19,9.501,478,9.979
29/4/19,12.410,176,12.586
30/4/19,12.961,160,13.121
1/5/19,7.816,266,8.082
2/5/19,7.566,366,7.932
3/5/19,8.918,303,9.221
4/5/19,7.592,484,8.076
5/5/19,7.589,420,8.009
6/5/19,12.144,191,12.335
7/5/19,13.414,112,13.526
8/5/19,12.463,100,12.563
9/5/19,13.559,132,13.691
10/5/19,13.633,207,13.840
11/5/19,10.727,379,11.106
12/5/19,9.785,376,10.161
13/5/19,13.329,151,13.480
14/5/19,14.817,97,14.914
15/5/19,11.475,238,11.713
16/5/19,13.822,135,13.957
17/5/19,12.104,103,12.207
18/5/19,9.054,265,9.319
19/5/19,8.984,240,9.224
20/5/19,12.648,133,12.781
21/5/19,13.876,104,13.980
22/5/19,14.444,128,14.572
23/5/19,14.623,134,14.757
24/5/19,14.628,189,14.817
25/5/19,10.151,391,10.542
26/5/19,9.984,319,10.303
27/5/19,13.497,156,13.653
28/5/19,14.175,100,14.275
29/5/19,14.349,114,14.463
30/5/19,14.866,142,15.008
31/5/19,14.237,244,14.481
1/6/19,10.287,304,10.591
2/6/19,9.707,311,10.018
3/6/19,13.647,125,13.772
4/6/19,14.813,119,14.932
5/6/19,14.230,102,14.332
6/6/19,14.659,122,14.781
7/6/19,13.697,126,13.823
8/6/19,9.794,359,10.153
9/6/19,9.286,271,9.557
10/6/19,13.345,162,13.507
11/6/19,13.696,104,13.800
12/6/19,14.305,203,14.508
13/6/19,14.681,157,14.838
14/6/19,14.178,132,14.310
15/6/19,9.586,260,9.846
16/6/19,8.859,277,9.136
17/6/19,13.437,124,13.561
18/6/19,14.704,140,14.844
19/6/19,14.795,133,14.928
20/6/19,15.206,84,15.290
21/6/19,14.380,122,14.502
22/6/19,9.596,220,9.816
23/6/19,9.154,270,9.424
24/6/19,13.496,135,13.631
25/6/19,14.698,162,14.860
26/6/19,14.895,124,15.019
27/6/19,14.801,99,14.900
28/6/19,13.711,120,13.831
29/6/19,9.293,183,9.476
30/6/19,8.453,179,8.632
1/7/19,13.339,102,13.441
2/7/19,14.110,120,14.230
3/7/19,14.288,99,14.387
4/7/19,14.481,149,14.630
5/7/19,13.325,113,13.438
6/7/19,8.568,145,8.713
7/7/19,7.882,159,8.041
8/7/19,12.644,139,12.783
9/7/19,13.842,156,13.998
10/7/19,14.007,135,14.142
11/7/19,13.793,105,13.898
12/7/19,12.532,106,12.638
13/7/19,8.058,192,8.250
14/7/19,7.638,181,7.819
15/7/19,12.117,68,12.185
16/7/19,13.346,99,13.445
17/7/19,13.831,135,13.966
18/7/19,13.917,114,14.031
19/7/19,12.398,111,12.509
20/7/19,7.642,204,7.846
21/7/19,7.049,144,7.193
22/7/19,12.110,137,12.247
23/7/19,12.242,71,12.313
24/7/19,13.379,95,13.474
25/7/19,13.265,114,13.379
26/7/19,12.163,115,12.278
27/7/19,7.782,204,7.986
28/7/19,7.213,195,7.408
29/7/19,11.815,79,11.894
30/7/19,12.653,111,12.764
31/7/19,12.465,75,12.540
1/8/19,12.183,123,12.306
2/8/19,10.746,113,10.859
3/8/19,6.807,183,6.990
4/8/19,6.350,261,6.611
5/8/19,9.548,187,9.735
6/8/19,10.501,158,10.659
7/8/19,10.755,195,10.950
8/8/19,10.448,90,10.538
9/8/19,9.229,135,9.364
10/8/19,6.066,137,6.203
11/8/19,5.636,186,5.822
12/8/19,8.413,79,8.492
13/8/19,8.812,84,8.896
14/8/19,8.543,72,8.615
15/8/19,5.653,143,5.796
16/8/19,6.499,130,6.629
17/8/19,5.249,99,5.348
18/8/19,5.223,108,5.331
19/8/19,8.660,83,8.743
20/8/19,9.296,84,9.380
21/8/19,9.656,133,9.789
22/8/19,10.009,151,10.160
23/8/19,9.386,174,9.560
24/8/19,6.694,209,6.903
25/8/19,6.327,192,6.519
26/8/19,6.417,73,6.490
27/8/19,10.903,120,11.023
28/8/19,11.862,91,11.953
29/8/19,12.462,123,12.585
30/8/19,10.261,84,10.345
31/8/19,8.529,233,8.762
1/9/19,8.646,173,8.819
2/9/19,13.305,86,13.391
3/9/19,14.696,72,14.768
4/9/19,15.229,115,15.344
5/9/19,15.238,159,15.397
6/9/19,14.176,144,14.320
7/9/19,9.778,186,9.964
8/9/19,9.631,229,9.860
9/9/19,14.218,62,14.280
10/9/19,14.329,55,14.384
11/9/19,15.716,68,15.784
12/9/19,15.696,88,15.784
13/9/19,11.415,62,11.477
14/9/19,6.296,61,6.357
15/9/19,7.602,111,7.713
16/9/19,14.474,138,14.612
17/9/19,15.318,105,15.423
18/9/19,16.313,98,16.411
19/9/19,16.599,139,16.738
20/9/19,14.775,111,14.886
21/9/19,9.034,139,9.173
22/9/19,10.081,223,10.304
23/9/19,14.454,104,14.558
24/9/19,15.597,139,15.736
25/9/19,16.045,109,16.154
26/9/19,16.561,157,16.718
27/9/19,16.736,158,16.894
28/9/19,11.493,331,11.824
29/9/19,10.889,325,11.214
30/9/19,15.086,161,15.247
1/10/19,16.414,159,16.573
2/10/19,16.303,110,16.413
3/10/19,16.988,107,17.095
4/10/19,16.434,197,16.631
5/10/19,11.905,263,12.168
6/10/19,11.403,346,11.749
7/10/19,15.080,163,15.243
8/10/19,16.590,107,16.697
9/10/19,16.803,95,16.898
10/10/19,17.054,92,17.146
11/10/19,16.651,174,16.825
12/10/19,10.330,330,10.660
13/10/19,10.399,288,10.687
14/10/19,10.791,76,10.867
15/10/19,14.335,122,14.457
16/10/19,14.963,81,15.044
17/10/19,12.624,67,12.691
18/10/19,13.985,69,14.054
19/10/19,9.535,162,9.697
20/10/19,7.296,94,7.390
21/10/19,13.179,94,13.273
22/10/19,9.351,47,9.398
23/10/19,9.504,26,9.530
24/10/19,14.197,103,14.300
25/10/19,14.558,184,14.742
26/10/19,10.766,267,11.033
27/10/19,9.611,195,9.806
28/10/19,13.690,101,13.791
29/10/19,14.629,83,14.712
30/10/19,14.473,89,14.562
31/10/19,14.167,131,14.298
1/11/19,8.313,259,8.572
2/11/19,8.203,299,8.502
3/11/19,7.676,153,7.829
4/11/19,10.816,60,10.876
5/11/19,11.343,49,11.392
6/11/19,13.590,53,13.643
7/11/19,12.483,62,12.545
8/11/19,12.799,85,12.884
9/11/19,7.016,124,7.140
10/11/19,7.631,161,7.792
11/11/19,11.699,68,11.767
12/11/19,12.291,41,12.332
13/11/19,12.586,59,12.645
14/11/19,10.621,71,10.692
15/11/19,12.017,32,12.049
16/11/19,8.483,121,8.604
17/11/19,5.688,77,5.765
18/11/19,11.264,39,11.303
19/11/19,11.778,31,11.809
20/11/19,8.186,10,8.196
21/11/19,9.639,21,9.660
22/11/19,6.469,10,6.479
23/11/19,8.035,102,8.137
24/11/19,7.469,135,7.604
25/11/19,11.711,68,11.779
26/11/19,9.535,38,9.573
27/11/19,12.437,58,12.495
28/11/19,12.336,47,12.383
29/11/19,11.597,38,11.635
30/11/19,8.064,88,8.152
1/12/19,3.259,20,3.279
2/12/19,10.630,73,10.703
3/12/19,11.678,40,11.718
4/12/19,8.406,19,8.425
5/12/19,11.623,37,11.660
6/12/19,7.037,108,7.145
7/12/19,6.646,181,6.827
8/12/19,4.527,53,4.580
9/12/19,5.813,64,5.877
10/12/19,10.547,29,10.576
11/12/19,10.406,12,10.418
12/12/19,7.730,6,7.736
13/12/19,10.828,6,10.834
14/12/19,7.969,3,7.972
15/12/19,6.714,1,6.715
16/12/19,9.849,0,9.849
17/12/19,8.865,0,8.865
18/12/19,10.070,1,10.071
19/12/19,5.662,0,5.662
20/12/19,5.624,0,5.624
21/12/19,5.353,0,5.353
22/12/19,4.891,0,4.891
23/12/19,6.109,0,6.109
24/12/19,4.068,0,4.068
25/12/19,2.483,0,2.483
26/12/19,5.904,0,5.904
27/12/19,6.387,0,6.387
28/12/19,5.058,0,5.058
29/12/19,4.616,0,4.616
30/12/19,5.772,0,5.772
31/12/19,5.270,0,5.270
1/1/20,3.215,0,3.215
2/1/20,5.911,0,5.911
3/1/20,6.180,0,6.180
4/1/20,5.502,0,5.502
5/1/20,5.389,1,5.390
6/1/20,4.043,1,4.044
7/1/20,8.833,0,8.833
8/1/20,10.315,2,10.317
9/1/20,10.623,1,10.624
10/1/20,10.787,5,10.792
11/1/20,7.407,32,7.439
12/1/20,6.493,31,6.524
13/1/20,9.581,16,9.597
14/1/20,10.268,12,10.280
15/1/20,10.410,32,10.442
16/1/20,11.279,37,11.316
17/1/20,11.216,63,11.279
18/1/20,5.174,43,5.217
19/1/20,5.794,48,5.842
20/1/20,7.814,17,7.831
21/1/20,6.611,11,6.622
22/1/20,8.339,24,8.363
23/1/20,10.505,47,10.552
24/1/20,7.867,17,7.884
25/1/20,4.533,20,4.553
26/1/20,6.467,67,6.534
27/1/20,8.493,10,8.503
28/1/20,10.012,12,10.024
29/1/20,11.184,21,11.205
30/1/20,11.009,31,11.040
31/1/20,11.585,72,11.657
1/2/20,8.166,141,8.307
2/2/20,6.866,73,6.939
3/2/20,11.449,75,11.524
4/2/20,12.311,57,12.368
5/2/20,12.364,40,12.404
6/2/20,11.899,70,11.969
7/2/20,12.031,51,12.082
8/2/20,7.528,76,7.604
9/2/20,6.903,120,7.023
10/2/20,11.402,53,11.455
11/2/20,11.842,28,11.870
12/2/20,12.087,36,12.123
13/2/20,12.551,55,12.606
14/2/20,12.499,110,12.609
15/2/20,8.574,166,8.740
16/2/20,8.192,162,8.354
17/2/20,11.231,57,11.288
18/2/20,12.175,43,12.218
19/2/20,12.898,53,12.951
20/2/20,13.036,54,13.090
21/2/20,12.789,64,12.853
22/2/20,9.038,218,9.256
23/2/20,8.298,226,8.524
24/2/20,12.177,85,12.262
25/2/20,12.646,62,12.708
26/2/20,13.133,70,13.203
27/2/20,13.170,109,13.279
28/2/20,12.510,117,12.627
29/2/20,7.732,130,7.862
1/3/20,6.325,134,6.459
2/3/20,9.025,50,9.075
3/3/20,11.502,34,11.536
4/3/20,13.020,43,13.063
5/3/20,12.380,43,12.423
6/3/20,11.931,59,11.990
7/3/20,8.490,143,8.633
8/3/20,8.010,164,8.174
9/3/20,11.807,53,11.860
10/3/20,12.629,43,12.672
11/3/20,11.479,60,11.539
12/3/20,9.380,60,9.440
13/3/20,7.129,54,7.183
14/3/20,2.516,61,2.577
15/3/20,968,14,982
16/3/20,0,0,0
17/3/20,0,0,0
18/3/20,0,0,0
19/3/20,0,0,0
20/3/20,0,0,0
21/3/20,0,0,0
22/3/20,0,0,0
23/3/20,0,0,0
24/3/20,0,0,0
26/3/20,0,0,0
27/3/20,0,0,0
28/3/20,0,0,0
29/3/20,0,0,0
30/3/20,0,0,0
31/3/20,0,0,0
1/4/20,0,0,0
2/4/20,0,0,0
3/4/20,0,0,0
4/4/20,0,0,0
5/4/20,0,0,0
6/4/20,0,0,0
7/4/20,0,0,0
8/4/20,0,0,0
9/4/20,0,0,0
10/4/20,0,0,0
11/4/20,0,0,0
12/4/20,0,0,0
13/4/20,0,0,0
14/4/20,0,0,0
15/4/20,0,0,0
16/4/20,0,0,0
17/4/20,0,0,0
18/4/20,0,0,0
19/4/20,0,0,0
20/4/20,0,0,0
21/4/20,0,0,0
22/4/20,580,1,581
23/4/20,831,2,833
24/4/20,1.037,5,1.042
25/4/20,537,0,537
26/4/20,504,2,506
27/4/20,1.060,1,1.061
28/4/20,1.140,1,1.141
29/4/20,1.351,1,1.352
30/4/20,1.406,3,1.409
1/5/20,702,4,706
2/5/20,2.229,37,2.266
3/5/20,3.480,206,3.686
4/5/20,4.092,132,4.224
5/5/20,4.960,179,5.139
6/5/20,5.259,185,5.444
7/5/20,5.565,194,5.759
8/5/20,6.591,239,6.830
9/5/20,6.501,453,6.954
10/5/20,5.969,376,6.345
11/5/20,5.533,145,5.678
12/5/20,2.619,25,2.644
13/5/20,6.361,125,6.486
14/5/20,4.386,92,4.478
15/5/20,4.303,118,4.421
16/5/20,7.341,254,7.595
17/5/20,8.294,479,8.773
18/5/20,8.763,227,8.990
19/5/20,9.509,241,9.750
20/5/20,9.766,256,10.022
21/5/20,10.116,240,10.356
22/5/20,11.501,310,11.811
23/5/20,11.445,518,11.963
24/5/20,10.018,547,10.565
25/5/20,10.073,151,10.224
26/5/20,11.468,142,11.610
27/5/20,12.266,139,12.405
28/5/20,12.549,150,12.699
29/5/20,13.675,175,13.850
30/5/20,13.443,303,13.746
31/5/20,8.644,151,8.795
1/6/20,11.819,101,11.920
2/6/20,13.084,154,13.238
3/6/20,13.258,150,13.408
4/6/20,11.926,88,12.014
5/6/20,15.007,159,15.166
6/6/20,14.840,252,15.092
7/6/20,11.096,196,11.292
8/6/20,12.735,79,12.814
9/6/20,14.016,99,14.115
10/6/20,14.576,65,14.641
11/6/20,14.458,70,14.528
12/6/20,14.141,65,14.206
13/6/20,14.041,202,14.243
14/6/20,13.469,263,13.732
15/6/20,13.834,57,13.891
16/6/20,15.228,54,15.282
17/6/20,16.092,56,16.148
18/6/20,16.556,95,16.651
19/6/20,17.264,74,17.338
20/6/20,16.206,151,16.357
21/6/20,14.123,192,14.315
22/6/20,15.131,67,15.198
23/6/20,15.938,61,15.999
24/6/20,16.084,55,16.139
25/6/20,16.548,43,16.591
26/6/20,15.704,55,15.759
27/6/20,12.549,94,12.643
28/6/20,11.467,105,11.572
29/6/20,14.562,56,14.618
30/6/20,15.682,50,15.732
1/7/20,16.665,56,16.721
2/7/20,16.634,67,16.701
3/7/20,15.404,75,15.479
4/7/20,11.928,104,12.032
5/7/20,10.430,140,10.570
6/7/20,13.949,66,14.015
7/7/20,15.371,48,15.419
8/7/20,15.837,61,15.898
9/7/20,15.646,58,15.704
10/7/20,14.506,55,14.561
11/7/20,11.011,93,11.104
12/7/20,9.784,114,9.898
13/7/20,13.914,61,13.975
14/7/20,15.259,76,15.335
15/7/20,15.318,86,15.404
16/7/20,14.333,59,14.392
17/7/20,13.944,57,14.001
18/7/20,10.424,114,10.538
19/7/20,9.384,179,9.563
20/7/20,13.125,49,13.174
21/7/20,14.374,52,14.426
22/7/20,14.743,82,14.825
23/7/20,14.807,88,14.895
24/7/20,13.290,58,13.348
25/7/20,9.783,102,9.885
26/7/20,8.758,122,8.880
27/7/20,12.117,79,12.196
28/7/20,13.699,69,13.768
29/7/20,13.823,63,13.886
30/7/20,13.428,75,13.503
31/7/20,12.425,87,12.512
1/8/20,9.076,143,9.219
2/8/20,7.729,129,7.858
3/8/20,10.561,99,10.660
4/8/20,11.240,98,11.338
5/8/20,11.225,104,11.329
6/8/20,10.918,55,10.973
7/8/20,9.631,56,9.687
8/8/20,7.390,90,7.480
9/8/20,6.784,79,6.863
10/8/20,8.481,57,8.538
11/8/20,4.822,12,4.834
12/8/20,9.473,64,9.537
13/8/20,9.804,78,9.882
14/8/20,8.849,66,8.915
15/8/20,6.835,87,6.922
16/8/20,6.772,135,6.907
17/8/20,8.995,67,9.062
18/8/20,9.566,95,9.661
19/8/20,10.097,80,10.177
20/8/20,9.791,91,9.882
21/8/20,9.281,85,9.366
22/8/20,7.611,127,7.738
23/8/20,7.403,118,7.521
24/8/20,9.816,87,9.903
25/8/20,11.169,68,11.237
26/8/20,11.745,68,11.813
27/8/20,11.704,84,11.788
28/8/20,11.410,83,11.493
29/8/20,9.172,130,9.302
30/8/20,8.587,115,8.702
31/8/20,11.858,75,11.933
1/9/20,14.644,53,14.697
2/9/20,15.464,52,15.516
3/9/20,15.884,58,15.942
4/9/20,15.566,49,15.615
5/9/20,12.690,76,12.766
6/9/20,11.664,115,11.779
7/9/20,14.784,37,14.821
8/9/20,15.773,45,15.818
9/9/20,16.727,52,16.779
10/9/20,16.937,32,16.969
11/9/20,16.370,71,16.441
12/9/20,13.436,183,13.619
13/9/20,12.380,90,12.470
14/9/20,15.346,37,15.383
15/9/20,16.137,38,16.175
16/9/20,16.826,47,16.873
17/9/20,13.814,25,13.839
18/9/20,11.333,26,11.359
19/9/20,9.270,38,9.308
20/9/20,10.470,91,10.561
21/9/20,14.051,35,14.086
22/9/20,15.326,33,15.359
23/9/20,15.759,44,15.803
24/9/20,12.557,30,12.587
25/9/20,14.405,28,14.433
26/9/20,11.808,93,11.901
27/9/20,11.098,91,11.189
28/9/20,14.019,23,14.042
29/9/20,15.593,39,15.632
30/9/20,16.016,40,16.056
1/10/20,15.895,33,15.928
2/10/20,11.292,8,11.300
3/10/20,11.462,77,11.539
4/10/20,9.678,34,9.712
5/10/20,13.295,15,13.310
6/10/20,14.859,37,14.896
7/10/20,15.873,44,15.917
8/10/20,16.222,29,16.251
9/10/20,16.304,31,16.335
10/10/20,13.993,157,14.150
11/10/20,11.935,113,12.048
12/10/20,11.061,124,11.185
13/10/20,14.525,20,14.545
14/10/20,15.275,18,15.293
15/10/20,14.770,19,14.789
16/10/20,15.116,17,15.133
17/10/20,12.843,63,12.906
18/10/20,11.947,82,12.029
19/10/20,13.727,27,13.754
20/10/20,5.272,10,5.282
21/10/20,12.176,3,12.179
22/10/20,10.832,12,10.844
23/10/20,11.611,17,11.628
24/10/20,11.412,39,11.451
25/10/20,5.968,8,5.976
26/10/20,11.382,9,11.391
27/10/20,12.515,12,12.527
28/10/20,12.871,7,12.878
29/10/20,12.983,11,12.994
30/10/20,13.803,32,13.835
31/10/20,11.642,64,11.706
1/11/20,10.289,67,10.356
2/11/20,8.879,70,8.949
3/11/20,7.923,16,7.939
4/11/20,9.050,7,9.057
5/11/20,5.090,4,5.094
6/11/20,11.478,1,11.479
7/11/20,8.741,17,8.758
8/11/20,9.287,51,9.338
9/11/20,8.006,28,8.034
10/11/20,11.938,12,11.950
11/11/20,12.579,5,12.584
12/11/20,12.652,7,12.659
13/11/20,13.623,11,13.634
14/11/20,7.140,9,7.149
15/11/20,8.494,40,8.534
16/11/20,11.563,9,11.572
17/11/20,11.120,5,11.125
18/11/20,12.361,9,12.370
19/11/20,13.138,11,13.149
20/11/20,13.641,14,13.655
21/11/20,10.933,62,10.995
22/11/20,9.411,58,9.469
23/11/20,10.770,7,10.777
24/11/20,11.611,9,11.620
25/11/20,10.941,7,10.948
26/11/20,6.304,3,6.307
27/11/20,6.015,0,6.015
28/11/20,9.880,29,9.909
29/11/20,8.737,44,8.781
30/11/20,10.604,14,10.618
1/12/20,11.756,6,11.762
2/12/20,11.648,4,11.652
3/12/20,11.060,7,11.067
4/12/20,10.484,5,10.489
5/12/20,7.960,22,7.982
6/12/20,6.906,17,6.923
7/12/20,6.250,4,6.254
8/12/20,6.950,36,6.986
9/12/20,10.155,12,10.167
10/12/20,10.690,12,10.702
11/12/20,10.930,12,10.942
12/12/20,10.464,19,10.483
13/12/20,8.722,21,8.743
14/12/20,8.844,5,8.849
15/12/20,10.917,2,10.919
16/12/20,9.813,2,9.815
17/12/20,11.421,10,11.431
18/12/20,11.558,4,11.562
19/12/20,5.544,12,5.556
20/12/20,7.805,33,7.838
21/12/20,9.423,24,9.447
22/12/20,9.878,22,9.900
23/12/20,8.738,12,8.750
24/12/20,5.097,20,5.117
25/12/20,3.463,22,3.485
26/12/20,5.628,37,5.665
27/12/20,4.802,28,4.830
28/12/20,6.174,37,6.211
29/12/20,6.869,15,6.884
30/12/20,7.198,6,7.204
31/12/20,4.894,6,4.900
1/1/21,3.213,28,3.241
2/1/21,5.180,34,5.214
3/1/21,5.256,48,5.304
4/1/21,6.903,6,6.909
5/1/21,7.267,16,7.283
6/1/21,4.216,39,4.255
7/1/21,4.001,3,4.004
8/1/21,1.942,2,1.944
9/1/21,118,0,118
10/1/21,294,0,294
11/1/21,514,0,514
12/1/21,528,0,528
13/1/21,788,4,792
14/1/21,1.129,3,1.132
15/1/21,1.775,0,1.775
16/1/21,2.140,5,2.145
17/1/21,2.238,10,2.248
18/1/21,3.101,2,3.103
19/1/21,3.494,1,3.495
20/1/21,2.696,2,2.698
21/1/21,3.775,6,3.781
22/1/21,5.436,5,5.441
23/1/21,3.987,7,3.994
24/1/21,4.898,8,4.906
25/1/21,6.012,2,6.014
26/1/21,7.378,7,7.385
27/1/21,8.274,10,8.284
28/1/21,7.749,7,7.756
29/1/21,8.519,16,8.535
30/1/21,6.863,24,6.887
31/1/21,5.431,22,5.453
1/2/21,8.030,9,8.039
2/2/21,8.285,2,8.287
3/2/21,8.214,3,8.217
4/2/21,8.920,8,8.928
5/2/21,9.368,17,9.385
6/2/21,5.741,17,5.758
7/2/21,6.432,36,6.468
8/2/21,6.736,7,6.743
9/2/21,4.424,5,4.429
10/2/21,9.141,9,9.150
11/2/21,8.683,11,8.694
12/2/21,10.107,21,10.128
13/2/21,9.414,63,9.477
14/2/21,8.326,54,8.380
15/2/21,9.527,22,9.549
16/2/21,10.200,31,10.231
17/2/21,10.726,10,10.736
18/2/21,11.460,25,11.485
19/2/21,12.080,32,12.112
20/2/21,10.296,95,10.391
21/2/21,4.544,18,4.562
22/2/21,8.994,26,9.020
23/2/21,10.934,31,10.965
24/2/21,11.189,9,11.198
25/2/21,11.516,19,11.535
26/2/21,12.734,39,12.773
27/2/21,11.009,99,11.108
28/2/21,8.494,69,8.563
1/3/21,9.234,15,9.249
2/3/21,11.298,46,11.344
3/3/21,11.926,47,11.973
4/3/21,12.057,38,12.095
5/3/21,12.844,15,12.859
6/3/21,10.604,92,10.696
7/3/21,7.657,52,7.709
8/3/21,8.122,10,8.132
9/3/21,11.733,27,11.760
10/3/21,12.034,48,12.082
11/3/21,12.972,30,13.002
12/3/21,13.534,47,13.581
13/3/21,10.868,119,10.987
14/3/21,9.098,159,9.257
15/3/21,11.262,25,11.287
16/3/21,12.175,69,12.244
17/3/21,12.519,60,12.579
18/3/21,12.430,30,12.460
19/3/21,8.139,39,8.178
20/3/21,8.985,71,9.056
21/3/21,8.457,82,8.539
22/3/21,11.208,50,11.258
23/3/21,12.706,39,12.745
24/3/21,13.126,16,13.142
25/3/21,13.141,35,13.176
26/3/21,12.701,56,12.757
27/3/21,9.902,134,10.036
28/3/21,9.045,123,9.168
29/3/21,10.479,88,10.567
30/3/21,11.303,82,11.385
31/3/21,12.106,127,12.233
1/4/21,9.516,104,9.620
2/4/21,5.505,50,5.555
3/4/21,8.637,133,8.770
4/4/21,9.612,188,9.800
5/4/21,11.681,128,11.809
6/4/21,13.782,68,13.850
7/4/21,13.637,37,13.674
8/4/21,13.441,65,13.506
9/4/21,9.913,16,9.929
10/4/21,9.852,88,9.940
11/4/21,6.872,54,6.926
12/4/21,11.872,22,11.894
13/4/21,10.435,15,10.450
14/4/21,13.300,30,13.330
15/4/21,12.608,32,12.640
16/4/21,14.194,65,14.259
17/4/21,11.235,137,11.372
18/4/21,9.450,107,9.557
19/4/21,11.579,28,11.607
20/4/21,12.466,36,12.502
21/4/21,13.250,41,13.291
22/4/21,9.284,47,9.331
23/4/21,13.713,63,13.776
24/4/21,9.026,68,9.094
25/4/21,2.648,10,2.658
26/4/21,10.301,34,10.335
27/4/21,10.860,22,10.882
28/4/21,12.028,24,12.052
29/4/21,12.327,18,12.345
30/4/21,13.377,37,13.414
